{"Sunday % of diet plan":{"Alcohol":0.0,"Apigenin":0.0,"Caffeine":null,"Calcium":3.8636677246,"Calories":10.693729173,"Carbohydrates":13.8415476739,"Catechin":100.0,"Cholesterol":0.0,"Choline":4590.4761904762,"Copper":10.0,"Cyanidin":null,"Delphinidin":null,"Epicatechin":0.0,"Epicatechin 3-gallate":null,"Epigallocatechin":null,"Epigallocatechin 3-gallate":0.0,"Eriodictyol":null,"Estimated cost":0.9639203923,"Fat":1.3173652695,"Fiber":88.7918486172,"Folate":73.1409375477,"Folic Acid":null,"Gallocatechin":null,"Hesperetin":0.0,"Iron":44.2477876106,"Isorhamnetin":null,"Kaempferol":0.0,"Luteolin":0.0,"Lycopene":null,"Magnesium":19.0060757127,"Malvidin":0.0,"Manganese":52.0,"Mono Unsaturated Fat":null,"Myricetin":0.0,"Naringenin":0.0,"Net Carbohydrates":7.411116675,"Nutrition Score":18.4359296482,"Pelargonidin":null,"Peonidin":null,"Petunidin":null,"Phosphorus":17.3198410108,"Poly Unsaturated Fat":null,"Potassium":15.113031231,"Protein":18.7431892481,"Quercetin":0.0,"Saturated Fat":0.6980802792,"Selenium":4.6616119068,"Sodium":0.1184284544,"Sugar":0.8075913588,"Theaflavin":null,"Theaflavin-3'-gallate":null,"Theaflavin-3,3'-digallate":null,"Theaflavin-3-gallate":null,"Thearubigins":null,"Trans Fat":null,"Vitamin A":1.3877028181,"Vitamin B1":40.9090909091,"Vitamin B12":0.0,"Vitamin B2":9.3023255814,"Vitamin B3":9.6118299445,"Vitamin B5":21.5384615385,"Vitamin B6":14.7058823529,"Vitamin C":2.3163990524,"Vitamin D":0.0,"Vitamin E":4.6728971963,"Vitamin K":7.9872204473,"Zinc":15.6862745098},"Monday % of diet plan":{"Alcohol":null,"Apigenin":null,"Caffeine":null,"Calcium":10.8873505349,"Calories":1.6741900981,"Carbohydrates":null,"Catechin":null,"Cholesterol":0.0,"Choline":1.305131689,"Copper":6.6666666667,"Cyanidin":null,"Delphinidin":null,"Epicatechin":null,"Epicatechin 3-gallate":null,"Epigallocatechin":null,"Epigallocatechin 3-gallate":null,"Eriodictyol":null,"Estimated cost":1.1761985,"Fat":0.0788073816,"Fiber":null,"Folate":178.6343612335,"Folic Acid":null,"Gallocatechin":null,"Hesperetin":null,"Iron":9.6202531646,"Isorhamnetin":null,"Kaempferol":null,"Luteolin":null,"Lycopene":null,"Magnesium":7.3498724786,"Malvidin":null,"Manganese":107.6923076923,"Mono Unsaturated Fat":0.0279524808,"Myricetin":null,"Naringenin":null,"Net Carbohydrates":null,"Nutrition Score":7.5502667214,"Pelargonidin":null,"Peonidin":null,"Petunidin":null,"Phosphorus":2.3930585862,"Poly Unsaturated Fat":0.3043213634,"Potassium":4.1703890823,"Protein":1.3376901869,"Quercetin":null,"Saturated Fat":0.0368324125,"Selenium":0.4026780516,"Sodium":0.0311747307,"Sugar":null,"Theaflavin":null,"Theaflavin-3'-gallate":null,"Theaflavin-3,3'-digallate":null,"Theaflavin-3-gallate":null,"Thearubigins":null,"Trans Fat":null,"Vitamin A":null,"Vitamin B1":1.6483516484,"Vitamin B12":0.0,"Vitamin B2":0.9950248756,"Vitamin B3":0.7405578869,"Vitamin B5":5.3012048193,"Vitamin B6":1.7391304348,"Vitamin C":null,"Vitamin D":0.0,"Vitamin E":2.4464831804,"Vitamin K":null,"Zinc":2.3255813953},"Tuesday % of diet plan":{"Alcohol":null,"Apigenin":null,"Caffeine":null,"Calcium":10.8229875851,"Calories":267.2141352231,"Carbohydrates":230.2184466019,"Catechin":null,"Cholesterol":null,"Choline":5.8548276649,"Copper":20.3389830508,"Cyanidin":null,"Delphinidin":null,"Epicatechin":null,"Epicatechin 3-gallate":null,"Epigallocatechin":null,"Epigallocatechin 3-gallate":null,"Eriodictyol":null,"Estimated cost":13.406766908,"Fat":700.8474576271,"Fiber":30.1301301301,"Folate":7.0609473636,"Folic Acid":null,"Gallocatechin":null,"Hesperetin":null,"Iron":12.4339699309,"Isorhamnetin":null,"Kaempferol":0.0863110651,"Luteolin":0.1488095238,"Lycopene":null,"Magnesium":7.0122121229,"Malvidin":null,"Manganese":11.9164619165,"Mono Unsaturated Fat":22.2222222222,"Myricetin":0.0,"Naringenin":null,"Net Carbohydrates":538.2126348228,"Nutrition Score":24.634108766,"Pelargonidin":null,"Peonidin":null,"Petunidin":null,"Phosphorus":44.1157960982,"Poly Unsaturated Fat":4.0,"Potassium":8.3392544171,"Protein":43.0881786677,"Quercetin":0.0832177531,"Saturated Fat":1808.7719298246,"Selenium":195.704845815,"Sodium":58.8705180394,"Sugar":1080.3149606299,"Theaflavin":null,"Theaflavin-3'-gallate":null,"Theaflavin-3,3'-digallate":null,"Theaflavin-3-gallate":null,"Thearubigins":null,"Trans Fat":null,"Vitamin A":1.795705022,"Vitamin B1":73.2394366197,"Vitamin B12":null,"Vitamin B2":21.511627907,"Vitamin B3":43.5312024353,"Vitamin B5":171.186440678,"Vitamin B6":14.6892655367,"Vitamin C":1.4971585342,"Vitamin D":null,"Vitamin E":3.9066739012,"Vitamin K":0.0891546046,"Zinc":27.8586278586},"Wednesday % of diet plan":{"Alcohol":null,"Apigenin":null,"Caffeine":null,"Calcium":null,"Calories":null,"Carbohydrates":null,"Catechin":null,"Cholesterol":null,"Choline":null,"Copper":null,"Cyanidin":null,"Delphinidin":null,"Epicatechin":null,"Epicatechin 3-gallate":null,"Epigallocatechin":null,"Epigallocatechin 3-gallate":null,"Eriodictyol":null,"Estimated cost":null,"Fat":null,"Fiber":null,"Folate":null,"Folic Acid":null,"Gallocatechin":null,"Hesperetin":null,"Iron":null,"Isorhamnetin":null,"Kaempferol":null,"Luteolin":null,"Lycopene":null,"Magnesium":null,"Malvidin":null,"Manganese":null,"Mono Unsaturated Fat":null,"Myricetin":null,"Naringenin":null,"Net Carbohydrates":null,"Nutrition Score":null,"Pelargonidin":null,"Peonidin":null,"Petunidin":null,"Phosphorus":null,"Poly Unsaturated Fat":null,"Potassium":null,"Protein":null,"Quercetin":null,"Saturated Fat":null,"Selenium":null,"Sodium":null,"Sugar":null,"Theaflavin":null,"Theaflavin-3'-gallate":null,"Theaflavin-3,3'-digallate":null,"Theaflavin-3-gallate":null,"Thearubigins":null,"Trans Fat":null,"Vitamin A":null,"Vitamin B1":null,"Vitamin B12":null,"Vitamin B2":null,"Vitamin B3":null,"Vitamin B5":null,"Vitamin B6":null,"Vitamin C":null,"Vitamin D":null,"Vitamin E":null,"Vitamin K":null,"Zinc":null},"Thursday % of diet plan":{"Alcohol":null,"Apigenin":null,"Caffeine":null,"Calcium":31.4847896216,"Calories":669.1126494651,"Carbohydrates":515.1469855506,"Catechin":null,"Cholesterol":null,"Choline":236.563876652,"Copper":283.3333333333,"Cyanidin":null,"Delphinidin":null,"Epicatechin":null,"Epicatechin 3-gallate":null,"Epigallocatechin":null,"Epigallocatechin 3-gallate":null,"Eriodictyol":null,"Estimated cost":166.3694775116,"Fat":698.5207100592,"Fiber":70.6609349812,"Folate":23.0211737957,"Folic Acid":null,"Gallocatechin":null,"Hesperetin":null,"Iron":128.5123966942,"Isorhamnetin":0.0,"Kaempferol":0.0517720149,"Luteolin":null,"Lycopene":null,"Magnesium":109.6983046322,"Malvidin":null,"Manganese":40.4682274247,"Mono Unsaturated Fat":119.1489361702,"Myricetin":null,"Naringenin":null,"Net Carbohydrates":6222.7586206897,"Nutrition Score":99.4659546061,"Pelargonidin":null,"Peonidin":null,"Petunidin":null,"Phosphorus":292.3147777333,"Poly Unsaturated Fat":9.477124183,"Potassium":91.8090789407,"Protein":439.592760181,"Quercetin":1.3559652717,"Saturated Fat":1908.6419753086,"Selenium":1734.2298288509,"Sodium":783.9040811238,"Sugar":359.5041322314,"Theaflavin":null,"Theaflavin-3'-gallate":null,"Theaflavin-3,3'-digallate":null,"Theaflavin-3-gallate":null,"Thearubigins":null,"Trans Fat":null,"Vitamin A":4.6157170386,"Vitamin B1":72.5490196078,"Vitamin B12":null,"Vitamin B2":35.4430379747,"Vitamin B3":234.8880597015,"Vitamin B5":582.9268292683,"Vitamin B6":200.0,"Vitamin C":7.5676822941,"Vitamin D":null,"Vitamin E":203.0,"Vitamin K":3.0656274709,"Zinc":601.1299435028},"Friday % of diet plan":{"Alcohol":0.0,"Apigenin":null,"Caffeine":null,"Calcium":3.0087527352,"Calories":0.4001092981,"Carbohydrates":2.6563364693,"Catechin":0.0,"Cholesterol":0.0,"Choline":4.347826087,"Copper":0.0,"Cyanidin":0.0,"Delphinidin":null,"Epicatechin":0.0,"Epicatechin 3-gallate":0.0,"Epigallocatechin":0.0,"Epigallocatechin 3-gallate":0.0,"Eriodictyol":null,"Estimated cost":0.3438305853,"Fat":0.0373552484,"Fiber":4.8109965636,"Folate":8.5354896676,"Folic Acid":null,"Gallocatechin":null,"Hesperetin":0.0,"Iron":0.6535947712,"Isorhamnetin":0.0,"Kaempferol":2.6315789474,"Luteolin":8.3333333333,"Lycopene":null,"Magnesium":1.009930988,"Malvidin":0.0,"Manganese":5.5555555556,"Mono Unsaturated Fat":0.0,"Myricetin":0.0,"Naringenin":0.0,"Net Carbohydrates":2.2427440633,"Nutrition Score":4.1648007165,"Pelargonidin":null,"Peonidin":0.0,"Petunidin":null,"Phosphorus":0.4229300595,"Poly Unsaturated Fat":4.5454545455,"Potassium":1.9598236159,"Protein":0.1300052002,"Quercetin":0.0877192982,"Saturated Fat":0.0,"Selenium":0.0,"Sodium":1.4262091773,"Sugar":2.0134228188,"Theaflavin":null,"Theaflavin-3'-gallate":null,"Theaflavin-3,3'-digallate":null,"Theaflavin-3-gallate":null,"Thearubigins":null,"Trans Fat":null,"Vitamin A":348.7391449566,"Vitamin B1":0.0,"Vitamin B12":0.0,"Vitamin B2":0.0,"Vitamin B3":0.4180602007,"Vitamin B5":0.7246376812,"Vitamin B6":0.7407407407,"Vitamin C":4.0902679831,"Vitamin D":0.0,"Vitamin E":1.4851485149,"Vitamin K":20.0,"Zinc":0.289017341},"Saturday % of diet plan":{"Alcohol":null,"Apigenin":null,"Caffeine":null,"Calcium":39.7964037675,"Calories":25.5326106095,"Carbohydrates":56.3799700549,"Catechin":null,"Cholesterol":366.5024630542,"Choline":0.0,"Copper":250.0,"Cyanidin":null,"Delphinidin":null,"Epicatechin":null,"Epicatechin 3-gallate":null,"Epigallocatechin":null,"Epigallocatechin 3-gallate":null,"Eriodictyol":null,"Estimated cost":95.38166215,"Fat":7.8274760383,"Fiber":57.5609756098,"Folate":141.1197916667,"Folic Acid":null,"Gallocatechin":null,"Hesperetin":null,"Iron":60.0806451613,"Isorhamnetin":null,"Kaempferol":null,"Luteolin":null,"Lycopene":null,"Magnesium":104.9147034931,"Malvidin":null,"Manganese":3600.0,"Mono Unsaturated Fat":null,"Myricetin":0.0,"Naringenin":null,"Net Carbohydrates":56.2935190145,"Nutrition Score":105.4263565891,"Pelargonidin":null,"Peonidin":null,"Petunidin":null,"Phosphorus":101.8440767268,"Poly Unsaturated Fat":0.0,"Potassium":117.1026424114,"Protein":53.1538461538,"Quercetin":19600.0,"Saturated Fat":4.4066729619,"Selenium":266.1080074488,"Sodium":40.0683901999,"Sugar":87.6770538244,"Theaflavin":null,"Theaflavin-3'-gallate":null,"Theaflavin-3,3'-digallate":null,"Theaflavin-3-gallate":null,"Thearubigins":null,"Trans Fat":null,"Vitamin A":53.1382185876,"Vitamin B1":29.4117647059,"Vitamin B12":229.4117647059,"Vitamin B2":109.0909090909,"Vitamin B3":5.59566787,"Vitamin B5":450.0,"Vitamin B6":1400.0,"Vitamin C":1816.0,"Vitamin D":4400.0,"Vitamin E":113.6363636364,"Vitamin K":0.0,"Zinc":104.8192771084},"Daily average % of diet plan":{"Alcohol":0.0,"Apigenin":0.0,"Caffeine":null,"Calcium":16.6439919948,"Calories":162.4379039778,"Carbohydrates":163.6486572701,"Catechin":50.0,"Cholesterol":91.6256157635,"Choline":806.4246420948,"Copper":95.0564971751,"Cyanidin":0.0,"Delphinidin":null,"Epicatechin":0.0,"Epicatechin 3-gallate":0.0,"Epigallocatechin":0.0,"Epigallocatechin 3-gallate":0.0,"Eriodictyol":null,"Estimated cost":46.2736426745,"Fat":234.771528604,"Fiber":50.3909771804,"Folate":71.9187835458,"Folic Acid":null,"Gallocatechin":null,"Hesperetin":0.0,"Iron":42.5914412221,"Isorhamnetin":0.0,"Kaempferol":0.6924155068,"Luteolin":2.8273809524,"Lycopene":null,"Magnesium":41.4985165713,"Malvidin":0.0,"Manganese":636.2720920982,"Mono Unsaturated Fat":35.3497777183,"Myricetin":0.0,"Naringenin":0.0,"Net Carbohydrates":1365.3837270531,"Nutrition Score":43.2795695079,"Pelargonidin":null,"Peonidin":0.0,"Petunidin":null,"Phosphorus":76.4017467024,"Poly Unsaturated Fat":3.6653800184,"Potassium":39.7490366164,"Protein":92.674278273,"Quercetin":3920.3053804646,"Saturated Fat":620.4259151311,"Selenium":366.8511620122,"Sodium":147.4031336209,"Sugar":306.0634321727,"Theaflavin":null,"Theaflavin-3'-gallate":null,"Theaflavin-3,3'-digallate":null,"Theaflavin-3-gallate":null,"Thearubigins":null,"Trans Fat":null,"Vitamin A":81.9352976846,"Vitamin B1":36.2929439151,"Vitamin B12":57.3529411765,"Vitamin B2":29.3904875716,"Vitamin B3":49.1308963398,"Vitamin B5":205.2795956642,"Vitamin B6":271.9791698442,"Vitamin C":366.2943015728,"Vitamin D":1100.0,"Vitamin E":54.8579277382,"Vitamin K":6.2284005046,"Zinc":125.3514536193}}