NDB_No;Nutr_no;DataSrc_ID
01103;749;R016
01103;750;R016
01103;751;R016
01103;752;R016
01103;753;R016
01103;770;R115
01103;773;R115
01103;786;R115
01103;788;R115
01103;789;R115
01103;794;R016
02007;770;R163
02007;773;R163
02023;762;R308
02023;770;R308
02023;773;R308
02023;786;R308
02023;789;R308
02029;770;R124
02029;770;R179
02029;773;R179
02029;785;R179
02029;786;R179
02029;789;R124
02037;786;R039
02044;759;R133
02044;770;R133
02044;773;R133
02044;785;R133
02044;786;R133
02044;789;R133
02045;759;R133
02045;770;R133
02045;770;R170
02045;773;R133
02045;773;R170
02045;785;R133
02045;786;R133
02045;786;R170
02045;788;R170
02045;789;R133
02045;789;R170
02049;759;R133
02049;762;R308
02049;770;R133
02049;770;R308
02049;773;R133
02049;773;R308
02049;785;R133
02049;786;R133
02049;786;R308
02049;789;R133
02049;789;R308
02054;786;R098
02054;786;R125
02054;789;R098
02054;789;R125
02063;759;R133
02063;762;R308
02063;770;R133
02063;770;R308
02063;773;R133
02063;773;R308
02063;785;R133
02063;786;R133
02063;786;R308
02063;789;R133
02063;789;R308
02064;758;R013
02064;759;R013
02064;759;R133
02064;770;R013
02064;770;R133
02064;773;R013
02064;773;R133
02064;785;R133
02064;786;R133
02064;789;R133
04053;770;R029
04053;770;R057
04053;770;R185
04053;770;R305
04053;773;R014
04053;773;R029
04053;773;R057
04053;773;R093
04053;773;R136
04053;773;R185
04053;773;R305
06159;786;R260
06159;789;R260
06931;786;R260
06931;789;R260
09001;731;R054
09001;743;R054
09001;770;R230
09001;773;R230
09001;786;R230
09001;788;R230
09001;789;R230
09003;731;R011
09003;731;R085
09003;731;R110
09003;731;R276
09003;731;R279
09003;731;R283
09003;731;R294
09003;740;R110
09003;741;R085
09003;741;R110
09003;742;R110
09003;743;R085
09003;743;R110
09003;745;R110
09003;745;R294
09003;749;R011
09003;749;R015
09003;749;R058
09003;749;R067
09003;749;R110
09003;749;R269
09003;749;R276
09003;749;R283
09003;750;R015
09003;750;R058
09003;750;R110
09003;751;R011
09003;751;R015
09003;751;R058
09003;751;R067
09003;751;R110
09003;751;R158
09003;751;R269
09003;751;R276
09003;751;R279
09003;751;R283
09003;752;R015
09003;752;R058
09003;752;R110
09003;753;R015
09003;753;R058
09003;753;R110
09003;759;R110
09003;762;R110
09003;770;R085
09003;770;R110
09003;770;R116
09003;770;R169
09003;770;R230
09003;770;R239
09003;773;R012
09003;773;R085
09003;773;R110
09003;773;R116
09003;773;R169
09003;773;R230
09003;773;R239
09003;786;R012
09003;786;R067
09003;786;R085
09003;786;R116
09003;786;R141
09003;786;R169
09003;786;R179
09003;786;R230
09003;786;R239
09003;788;R012
09003;788;R085
09003;788;R110
09003;788;R116
09003;788;R141
09003;788;R169
09003;788;R230
09003;788;R239
09003;789;R011
09003;789;R012
09003;789;R067
09003;789;R085
09003;789;R110
09003;789;R116
09003;789;R141
09003;789;R158
09003;789;R169
09003;789;R179
09003;789;R212
09003;789;R230
09003;789;R239
09003;789;R276
09003;789;R279
09003;789;R283
09003;794;R015
09003;794;R058
09003;794;R110
09004;731;R085
09004;731;R110
09004;740;R110
09004;741;R085
09004;741;R110
09004;742;R110
09004;743;R085
09004;743;R110
09004;745;R110
09004;749;R015
09004;749;R110
09004;749;R270
09004;750;R015
09004;750;R110
09004;751;R015
09004;751;R037
09004;751;R110
09004;751;R270
09004;752;R015
09004;752;R110
09004;753;R015
09004;753;R110
09004;759;R110
09004;762;R110
09004;770;R085
09004;770;R110
09004;773;R085
09004;773;R110
09004;786;R085
09004;788;R085
09004;788;R110
09004;789;R037
09004;789;R085
09004;789;R110
09004;789;R134
09004;789;R270
09004;789;R279
09004;794;R015
09004;794;R110
09016;731;R189
09016;749;R016
09016;749;R245
09016;749;R256
09016;749;R275
09016;750;R016
09016;751;R016
09016;751;R245
09016;751;R256
09016;751;R275
09016;752;R016
09016;753;R016
09016;758;R189
09016;759;R189
09016;762;R189
09016;770;R115
09016;770;R239
09016;773;R115
09016;773;R239
09016;786;R115
09016;786;R239
09016;788;R115
09016;788;R239
09016;789;R115
09016;789;R189
09016;789;R212
09016;789;R239
09016;789;R245
09016;789;R256
09016;789;R275
09016;794;R016
09019;749;R015
09019;750;R015
09019;751;R015
09019;752;R015
09019;753;R015
09019;770;R116
09019;773;R116
09019;786;R116
09019;788;R116
09019;789;R116
09019;794;R015
09021;749;R015
09021;749;R058
09021;749;R066
09021;749;R067
09021;749;R068
09021;749;R269
09021;750;R015
09021;750;R058
09021;751;R015
09021;751;R058
09021;751;R066
09021;751;R067
09021;751;R068
09021;751;R269
09021;752;R015
09021;752;R058
09021;753;R015
09021;753;R058
09021;770;R116
09021;770;R169
09021;773;R116
09021;773;R169
09021;786;R066
09021;786;R067
09021;786;R068
09021;786;R116
09021;786;R141
09021;786;R169
09021;788;R116
09021;788;R141
09021;788;R169
09021;789;R066
09021;789;R067
09021;789;R068
09021;789;R116
09021;789;R134
09021;789;R141
09021;789;R169
09021;794;R015
09021;794;R058
09023;770;R116
09023;773;R116
09023;786;R116
09023;788;R116
09023;789;R116
09037;731;R110
09037;740;R110
09037;741;R110
09037;742;R110
09037;743;R110
09037;745;R110
09037;749;R015
09037;749;R058
09037;749;R110
09037;750;R015
09037;750;R058
09037;750;R110
09037;751;R015
09037;751;R058
09037;751;R110
09037;752;R015
09037;752;R058
09037;752;R110
09037;753;R015
09037;753;R058
09037;753;R110
09037;759;R110
09037;762;R110
09037;770;R110
09037;770;R239
09037;773;R110
09037;773;R239
09037;786;R239
09037;788;R110
09037;788;R239
09037;789;R110
09037;789;R239
09037;794;R015
09037;794;R058
09037;794;R110
09040;731;R110
09040;731;R206a
09040;740;R110
09040;740;R206a
09040;741;R206a
09040;742;R110
09040;742;R206a
09040;743;R110
09040;743;R206a
09040;745;R110
09040;745;R206a
09040;749;R015
09040;749;R058
09040;749;R060
09040;749;R110
09040;750;R015
09040;750;R058
09040;750;R110
09040;751;R015
09040;751;R058
09040;751;R110
09040;752;R015
09040;752;R058
09040;752;R110
09040;753;R015
09040;753;R058
09040;753;R110
09040;759;R110
09040;762;R110
09040;770;R110
09040;770;R169
09040;773;R110
09040;773;R169
09040;786;R141
09040;786;R152
09040;786;R169
09040;788;R110
09040;788;R141
09040;788;R152
09040;788;R169
09040;789;R110
09040;789;R141
09040;789;R152
09040;789;R169
09040;794;R015
09040;794;R058
09040;794;R110
09042;731;R078
09042;731;R110
09042;731;R181
09042;731;R294
09042;740;R110
09042;741;R110
09042;742;R110
09042;743;R110
09042;743;R294
09042;745;R110
09042;745;R294
09042;749;R015
09042;749;R058
09042;749;R110
09042;749;R247
09042;749;R269
09042;750;R015
09042;750;R058
09042;750;R110
09042;751;R015
09042;751;R058
09042;751;R110
09042;751;R247
09042;751;R269
09042;752;R015
09042;752;R058
09042;752;R110
09042;753;R015
09042;753;R058
09042;753;R110
09042;759;R110
09042;762;R110
09042;770;R110
09042;770;R169
09042;773;R110
09042;773;R169
09042;786;R025
09042;786;R131
09042;786;R169
09042;786;R181
09042;786;R247
09042;788;R025
09042;788;R110
09042;788;R247
09042;789;R025
09042;789;R045
09042;789;R110
09042;789;R131
09042;789;R169
09042;789;R181
09042;789;R247
09042;794;R015
09042;794;R058
09042;794;R110
09050;731;R085
09050;731;R092
09050;731;R110
09050;731;R191
09050;731;R285
09050;731;R286
09050;731;R287
09050;731;R294
09050;731;R307
09050;740;R092
09050;740;R110
09050;740;R191
09050;740;R285
09050;740;R286
09050;740;R287
09050;740;R294
09050;740;R307
09050;741;R085
09050;741;R092
09050;741;R110
09050;741;R191
09050;741;R285
09050;741;R286
09050;741;R287
09050;741;R294
09050;741;R307
09050;742;R092
09050;742;R110
09050;742;R191
09050;742;R285
09050;742;R286
09050;742;R287
09050;742;R294
09050;742;R307
09050;743;R085
09050;743;R110
09050;745;R092
09050;745;R110
09050;745;R191
09050;745;R294
09050;749;R015
09050;749;R058
09050;749;R110
09050;749;R247
09050;749;R269
09050;750;R015
09050;750;R058
09050;750;R110
09050;751;R015
09050;751;R058
09050;751;R110
09050;751;R247
09050;751;R269
09050;752;R015
09050;752;R058
09050;752;R110
09050;753;R015
09050;753;R058
09050;753;R110
09050;759;R110
09050;762;R110
09050;770;R085
09050;770;R110
09050;773;R085
09050;773;R110
09050;786;R025
09050;786;R085
09050;786;R109
09050;786;R131
09050;786;R247
09050;786;R286
09050;786;R307
09050;788;R025
09050;788;R045
09050;788;R085
09050;788;R109
09050;788;R110
09050;788;R131
09050;788;R247
09050;788;R285
09050;788;R286
09050;788;R287
09050;788;R307
09050;789;R025
09050;789;R045
09050;789;R085
09050;789;R109
09050;789;R110
09050;789;R131
09050;789;R134
09050;789;R238
09050;789;R247
09050;789;R285
09050;789;R286
09050;789;R287
09050;789;R307
09050;794;R015
09050;794;R058
09050;794;R110
09054;731;R085
09054;731;R159
09054;740;R159
09054;741;R085
09054;741;R159
09054;742;R159
09054;743;R085
09054;745;R159
09054;770;R085
09054;773;R085
09054;786;R085
09054;788;R085
09054;788;R108
09054;789;R085
09054;789;R108
09063;731;R144
09063;731;R252
09063;731;R292
09063;745;R144
09063;749;R269
09063;751;R042
09063;751;R269
09063;770;R169
09063;773;R169
09063;785;R144
09063;786;R131
09063;786;R144
09063;786;R169
09063;788;R169
09063;789;R131
09063;789;R144
09063;789;R169
09068;731;R145
09068;743;R145
09068;745;R145
09068;785;R145
09068;786;R145
09068;789;R145
09070;731;R091
09070;731;R103
09070;731;R110
09070;731;R130
09070;731;R144
09070;731;R274
09070;731;R294
09070;740;R110
09070;741;R110
09070;742;R110
09070;743;R091
09070;743;R103
09070;743;R110
09070;743;R274
09070;745;R091
09070;745;R103
09070;745;R110
09070;745;R130
09070;745;R144
09070;745;R274
09070;745;R294
09070;749;R015
09070;749;R058
09070;749;R103
09070;749;R110
09070;749;R269
09070;750;R015
09070;750;R058
09070;750;R110
09070;751;R015
09070;751;R042
09070;751;R058
09070;751;R103
09070;751;R110
09070;751;R269
09070;751;R274
09070;752;R015
09070;752;R058
09070;752;R110
09070;753;R015
09070;753;R058
09070;753;R110
09070;759;R110
09070;762;R110
09070;770;R110
09070;770;R116
09070;770;R169
09070;773;R110
09070;773;R116
09070;773;R169
09070;785;R144
09070;786;R116
09070;786;R131
09070;786;R141
09070;786;R144
09070;786;R152
09070;786;R169
09070;788;R110
09070;788;R116
09070;788;R131
09070;788;R141
09070;788;R152
09070;788;R169
09070;789;R103
09070;789;R110
09070;789;R116
09070;789;R131
09070;789;R134
09070;789;R141
09070;789;R144
09070;789;R152
09070;789;R169
09070;789;R238
09070;789;R274
09070;794;R015
09070;794;R058
09070;794;R110
09078;731;R110
09078;731;R294
09078;731;R307
09078;740;R110
09078;741;R110
09078;741;R294
09078;742;R110
09078;742;R294
09078;743;R110
09078;743;R294
09078;745;R110
09078;745;R294
09078;745;R307
09078;749;R015
09078;749;R110
09078;750;R015
09078;750;R110
09078;751;R015
09078;751;R110
09078;752;R015
09078;752;R110
09078;753;R015
09078;753;R110
09078;759;R110
09078;762;R110
09078;770;R110
09078;786;R025
09078;786;R109
09078;786;R307
09078;788;R025
09078;788;R109
09078;788;R110
09078;788;R117
09078;788;R134
09078;788;R307
09078;789;R025
09078;789;R109
09078;789;R110
09078;789;R117
09078;789;R134
09078;789;R307
09078;794;R015
09078;794;R110
09079;731;R085
09079;741;R085
09079;743;R085
09079;770;R085
09079;773;R085
09079;786;R085
09079;788;R085
09079;789;R085
09081;731;R085
09081;741;R085
09081;743;R085
09081;770;R085
09081;773;R085
09081;786;R085
09081;788;R085
09081;789;R085
09083;731;R009
09083;731;R129
09083;731;R137
09083;731;R173
09083;731;R195
09083;731;R295
09083;740;R137
09083;740;R295
09083;741;R009
09083;741;R129
09083;741;R137
09083;741;R173
09083;741;R195
09083;741;R295
09083;743;R295
09083;745;R137
09083;745;R295
09083;749;R015
09083;750;R015
09083;751;R015
09083;752;R015
09083;753;R015
09083;770;R169
09083;773;R169
09083;785;R009
09083;786;R009
09083;786;R109
09083;786;R134
09083;786;R169
09083;786;R173
09083;786;R182
09083;788;R009
09083;788;R107
09083;788;R109
09083;788;R169
09083;788;R173
09083;788;R182
09083;788;R284
09083;789;R009
09083;789;R107
09083;789;R109
09083;789;R134
09083;789;R169
09083;789;R173
09083;789;R182
09083;789;R284
09083;794;R015
09086;749;R058
09086;750;R058
09086;751;R058
09086;752;R058
09086;753;R058
09086;794;R058
09087;731;R110
09087;740;R110
09087;741;R110
09087;742;R110
09087;743;R110
09087;745;R110
09087;749;R110
09087;750;R110
09087;751;R110
09087;752;R110
09087;753;R110
09087;759;R110
09087;762;R110
09087;770;R110
09087;773;R110
09087;788;R110
09087;789;R110
09087;794;R110
09088;731;R135
09088;731;R157
09088;731;R280
09088;731;R295
09088;740;R157
09088;741;R157
09088;743;R157
09088;743;R295
09088;785;R157
09088;786;R157
09088;789;R135
09088;789;R157
09088;789;R280
09089;731;R069
09089;731;R110
09089;740;R110
09089;741;R110
09089;742;R110
09089;743;R069
09089;743;R110
09089;745;R069
09089;745;R110
09089;749;R058
09089;749;R110
09089;749;R269
09089;749;R281
09089;750;R058
09089;750;R110
09089;751;R058
09089;751;R110
09089;751;R269
09089;751;R281
09089;752;R058
09089;752;R110
09089;753;R058
09089;753;R110
09089;759;R110
09089;762;R110
09089;770;R110
09089;770;R230
09089;773;R110
09089;773;R230
09089;786;R230
09089;788;R110
09089;788;R230
09089;789;R110
09089;789;R230
09089;789;R281
09089;794;R058
09089;794;R110
09107;731;R132
09107;731;R295
09107;741;R132
09107;745;R132
09107;745;R295
09107;749;R015
09107;750;R015
09107;751;R015
09107;752;R015
09107;753;R015
09107;770;R169
09107;773;R169
09107;786;R109
09107;786;R169
09107;788;R109
09107;788;R169
09107;789;R109
09107;789;R169
09107;794;R015
09112;731;R110
09112;740;R110
09112;741;R110
09112;742;R110
09112;743;R110
09112;745;R110
09112;749;R110
09112;750;R110
09112;751;R110
09112;752;R110
09112;753;R110
09112;759;R085
09112;759;R110
09112;762;R085
09112;762;R110
09112;770;R085
09112;770;R110
09112;773;R085
09112;773;R110
09112;786;R085
09112;788;R085
09112;788;R110
09112;789;R085
09112;789;R110
09112;794;R110
09116;759;R085
09116;762;R085
09116;770;R169
09116;773;R169
09116;786;R169
09116;788;R169
09116;789;R169
09123;731;R189
09123;758;R189
09123;759;R020
09123;759;R189
09123;759;R236
09123;762;R020
09123;762;R065
09123;762;R189
09123;762;R236
09123;762;R237
09123;789;R020
09123;789;R189
09126;762;R035
09128;758;R022
09128;758;R187
09128;758;R188
09128;759;R022
09128;759;R187
09128;759;R188
09128;759;R277
09128;762;R021
09128;762;R022
09128;762;R187
09128;762;R188
09128;762;R277
09128;770;R022
09128;770;R115
09128;773;R115
09128;786;R115
09128;788;R115
09128;789;R022
09128;789;R115
09128;789;R277
09135;731;R052
09135;731;R085
09135;731;R189
09135;740;R189
09135;741;R052
09135;741;R085
09135;741;R189
09135;742;R052
09135;742;R189
09135;743;R085
09135;745;R052
09135;745;R189
09135;749;R052
09135;751;R052
09135;751;R189
09135;770;R085
09135;770;R115
09135;773;R085
09135;773;R115
09135;786;R085
09135;786;R115
09135;788;R085
09135;788;R115
09135;788;R189
09135;789;R085
09135;789;R115
09135;789;R189
09146;749;R240
09146;751;R240
09146;789;R240
09148;731;R110
09148;740;R110
09148;741;R110
09148;742;R110
09148;743;R110
09148;745;R110
09148;749;R015
09148;749;R058
09148;749;R110
09148;750;R015
09148;750;R058
09148;750;R110
09148;751;R015
09148;751;R058
09148;751;R110
09148;752;R015
09148;752;R058
09148;752;R110
09148;753;R015
09148;753;R058
09148;753;R110
09148;759;R110
09148;762;R110
09148;770;R110
09148;770;R169
09148;773;R012
09148;773;R110
09148;773;R169
09148;786;R012
09148;786;R141
09148;786;R169
09148;788;R012
09148;788;R110
09148;788;R141
09148;788;R169
09148;789;R012
09148;789;R110
09148;789;R141
09148;789;R169
09148;794;R015
09148;794;R058
09148;794;R110
09149;762;R238
09149;770;R238
09150;758;R179
09150;758;R278
09150;759;R134
09150;759;R179
09150;759;R278
09150;762;R134
09150;762;R179
09150;770;R169
09150;773;R169
09150;773;R179
09150;786;R141
09150;786;R169
09150;788;R141
09150;788;R169
09150;789;R141
09150;789;R169
09150;789;R179
09150;789;R278
09152;749;R001
09152;758;R022
09152;758;R104
09152;758;R187
09152;759;R001
09152;759;R022
09152;759;R104
09152;759;R187
09152;762;R001
09152;762;R022
09152;762;R187
09152;770;R022
09152;770;R115
09152;773;R115
09152;786;R001
09152;786;R115
09152;788;R001
09152;788;R115
09152;789;R001
09152;789;R022
09152;789;R115
09153;758;R104
09153;758;R175
09153;759;R020
09153;759;R104
09153;759;R175
09153;762;R020
09153;773;R175
09153;789;R020
09159;759;R134
09159;762;R134
09159;789;R134
09160;758;R022
09160;758;R187
09160;759;R022
09160;759;R187
09160;762;R022
09160;762;R187
09160;762;R304
09160;770;R022
09160;789;R022
09176;731;R085
09176;741;R085
09176;743;R085
09176;749;R015
09176;750;R015
09176;751;R015
09176;752;R015
09176;753;R015
09176;770;R085
09176;773;R085
09176;786;R085
09176;786;R152
09176;788;R085
09176;788;R152
09176;789;R085
09176;789;R152
09176;794;R015
09181;731;R110
09181;740;R110
09181;741;R110
09181;742;R110
09181;743;R110
09181;745;R110
09181;749;R110
09181;749;R269
09181;750;R110
09181;751;R110
09181;751;R269
09181;752;R110
09181;753;R110
09181;759;R110
09181;762;R110
09181;770;R110
09181;770;R169
09181;770;R239
09181;773;R110
09181;773;R169
09181;773;R239
09181;786;R141
09181;786;R169
09181;786;R239
09181;788;R110
09181;788;R141
09181;788;R169
09181;788;R239
09181;789;R110
09181;789;R141
09181;789;R169
09181;789;R239
09181;794;R110
09184;731;R110
09184;740;R110
09184;741;R110
09184;742;R110
09184;743;R110
09184;745;R110
09184;749;R110
09184;750;R110
09184;751;R110
09184;752;R110
09184;753;R110
09184;759;R110
09184;762;R110
09184;770;R110
09184;773;R110
09184;788;R110
09184;789;R110
09184;794;R110
09190;770;R169
09190;773;R169
09190;786;R169
09190;789;R169
09191;731;R110
09191;731;R264
09191;731;R294
09191;740;R110
09191;741;R110
09191;742;R110
09191;743;R110
09191;745;R110
09191;749;R015
09191;749;R110
09191;749;R264
09191;750;R015
09191;750;R110
09191;751;R015
09191;751;R110
09191;751;R264
09191;752;R015
09191;752;R110
09191;753;R015
09191;753;R110
09191;759;R110
09191;762;R110
09191;770;R110
09191;773;R110
09191;788;R110
09191;789;R110
09191;789;R264
09191;794;R015
09191;794;R110
09193;773;R028
09195;749;R015
09195;750;R015
09195;751;R015
09195;752;R015
09195;753;R015
09195;773;R028
09195;794;R015
09200;749;R015
09200;750;R015
09200;751;R015
09200;752;R015
09200;753;R015
09200;759;R011
09200;759;R059
09200;759;R085
09200;759;R134
09200;759;R179
09200;759;R238
09200;762;R011
09200;762;R059
09200;762;R085
09200;762;R134
09200;762;R179
09200;762;R238
09200;770;R085
09200;770;R169
09200;770;R230
09200;773;R012
09200;773;R085
09200;773;R169
09200;773;R230
09200;786;R012
09200;786;R085
09200;786;R141
09200;786;R169
09200;786;R230
09200;788;R012
09200;788;R085
09200;788;R141
09200;788;R169
09200;788;R230
09200;789;R011
09200;789;R012
09200;789;R085
09200;789;R141
09200;789;R169
09200;789;R230
09200;794;R015
09202;731;R111
09202;740;R111
09202;741;R111
09202;742;R111
09202;743;R111
09202;745;R111
09202;749;R111
09202;750;R111
09202;751;R111
09202;753;R111
09202;759;R085
09202;759;R111
09202;762;R085
09202;762;R111
09202;770;R085
09202;770;R111
09202;773;R085
09202;773;R111
09202;786;R085
09202;788;R085
09202;788;R111
09202;789;R085
09202;789;R111
09202;794;R111
09202;796;R111
09206;731;R189
09206;758;R022
09206;758;R038
09206;758;R176
09206;758;R187
09206;758;R189
09206;759;R020
09206;759;R022
09206;759;R038
09206;759;R059
09206;759;R061
09206;759;R089
09206;759;R134
09206;759;R176
09206;759;R187
09206;759;R189
09206;759;R219
09206;759;R220
09206;759;R241
09206;759;R242
09206;759;R277
09206;762;R020
09206;762;R022
09206;762;R038
09206;762;R059
09206;762;R061
09206;762;R089
09206;762;R134
09206;762;R176
09206;762;R187
09206;762;R189
09206;762;R219
09206;762;R220
09206;762;R241
09206;762;R242
09206;762;R277
09206;770;R022
09206;770;R115
09206;773;R115
09206;786;R115
09206;788;R115
09206;789;R020
09206;789;R022
09206;789;R038
09206;789;R115
09206;789;R189
09209;731;R189
09209;758;R189
09209;759;R020
09209;759;R089
09209;759;R189
09209;759;R241
09209;759;R277
09209;762;R020
09209;762;R089
09209;762;R189
09209;762;R241
09209;762;R277
09209;789;R020
09209;789;R189
09215;759;R035
09215;759;R198
09215;759;R220
09215;762;R035
09215;762;R198
09215;762;R220
09218;759;R059
09218;759;R085
09218;762;R059
09218;762;R085
09218;770;R169
09218;773;R169
09218;786;R169
09218;788;R169
09218;789;R169
09221;758;R022
09221;758;R193
09221;759;R022
09221;759;R061
09221;759;R193
09221;762;R022
09221;762;R061
09221;762;R193
09221;762;R304
09221;770;R022
09221;770;R193
09221;773;R193
09221;786;R193
09221;789;R022
09221;789;R193
09225;759;R198
09225;762;R198
09225;786;R152
09225;788;R152
09225;789;R152
09226;770;R085
09226;773;R085
09226;786;R085
09226;786;R152
09226;788;R085
09226;788;R152
09226;789;R085
09226;789;R152
09236;731;R110
09236;731;R264
09236;731;R294
09236;740;R110
09236;741;R110
09236;742;R110
09236;743;R110
09236;745;R110
09236;749;R015
09236;749;R058
09236;749;R110
09236;749;R264
09236;749;R269
09236;750;R015
09236;750;R058
09236;750;R110
09236;751;R015
09236;751;R058
09236;751;R110
09236;751;R264
09236;751;R269
09236;752;R015
09236;752;R058
09236;752;R110
09236;753;R015
09236;753;R058
09236;753;R110
09236;759;R110
09236;762;R110
09236;770;R110
09236;770;R116
09236;770;R169
09236;773;R012
09236;773;R110
09236;773;R116
09236;773;R169
09236;786;R012
09236;786;R116
09236;786;R169
09236;788;R012
09236;788;R110
09236;788;R116
09236;788;R169
09236;789;R012
09236;789;R110
09236;789;R116
09236;789;R169
09236;789;R264
09236;794;R015
09236;794;R058
09236;794;R110
09252;731;R110
09252;740;R110
09252;741;R110
09252;742;R110
09252;743;R110
09252;745;R110
09252;749;R004
09252;749;R015
09252;749;R058
09252;749;R110
09252;749;R269
09252;750;R015
09252;750;R058
09252;750;R110
09252;751;R004
09252;751;R015
09252;751;R058
09252;751;R110
09252;751;R245
09252;751;R269
09252;752;R015
09252;752;R058
09252;752;R110
09252;753;R015
09252;753;R058
09252;753;R110
09252;759;R110
09252;762;R110
09252;770;R110
09252;770;R116
09252;770;R169
09252;773;R110
09252;773;R116
09252;773;R169
09252;785;R245
09252;786;R116
09252;786;R141
09252;786;R169
09252;788;R110
09252;788;R116
09252;788;R141
09252;788;R169
09252;789;R110
09252;789;R116
09252;789;R141
09252;789;R169
09252;789;R245
09252;794;R015
09252;794;R058
09252;794;R110
09266;731;R110
09266;740;R110
09266;741;R110
09266;742;R110
09266;743;R110
09266;745;R110
09266;749;R015
09266;749;R058
09266;749;R110
09266;750;R015
09266;750;R058
09266;750;R110
09266;751;R015
09266;751;R058
09266;751;R110
09266;752;R015
09266;752;R058
09266;752;R110
09266;753;R015
09266;753;R058
09266;753;R110
09266;759;R110
09266;762;R110
09266;770;R085
09266;770;R110
09266;773;R085
09266;773;R110
09266;786;R085
09266;786;R152
09266;788;R085
09266;788;R110
09266;788;R152
09266;789;R085
09266;789;R110
09266;789;R152
09266;794;R015
09266;794;R058
09266;794;R110
09273;789;R189
09276;770;R230
09276;773;R230
09276;786;R230
09276;788;R230
09276;789;R230
09279;731;R110
09279;731;R254
09279;731;R273
09279;731;R294
09279;740;R110
09279;741;R110
09279;742;R110
09279;743;R110
09279;745;R110
09279;745;R254
09279;745;R273
09279;749;R015
09279;749;R058
09279;749;R110
09279;749;R269
09279;750;R015
09279;750;R058
09279;750;R110
09279;751;R015
09279;751;R058
09279;751;R110
09279;751;R269
09279;752;R015
09279;752;R058
09279;752;R110
09279;753;R015
09279;753;R058
09279;753;R110
09279;759;R110
09279;762;R110
09279;770;R110
09279;770;R116
09279;770;R169
09279;773;R110
09279;773;R116
09279;773;R169
09279;786;R116
09279;786;R169
09279;788;R110
09279;788;R116
09279;788;R169
09279;789;R110
09279;789;R116
09279;789;R134
09279;789;R169
09279;789;R254
09279;794;R015
09279;794;R058
09279;794;R110
09286;749;R058
09286;750;R058
09286;751;R058
09286;752;R058
09286;753;R058
09286;770;R169
09286;773;R169
09286;786;R169
09286;788;R169
09286;789;R169
09286;794;R058
09287;785;R150
09287;786;R150
09287;789;R150
09291;731;R085
09291;731;R110
09291;740;R110
09291;741;R085
09291;741;R110
09291;742;R110
09291;743;R085
09291;743;R110
09291;745;R110
09291;749;R110
09291;750;R110
09291;751;R110
09291;752;R110
09291;753;R110
09291;759;R110
09291;762;R110
09291;770;R085
09291;770;R110
09291;773;R085
09291;773;R110
09291;786;R085
09291;788;R085
09291;788;R110
09291;789;R085
09291;789;R110
09291;794;R110
09295;759;R085
09295;762;R085
09296;749;R058
09296;750;R058
09296;751;R058
09296;752;R058
09296;753;R058
09296;770;R169
09296;773;R169
09296;786;R169
09296;788;R169
09296;789;R169
09296;794;R058
09297;786;R138
09297;789;R138
09298;731;R085
09298;731;R110
09298;740;R110
09298;741;R085
09298;741;R110
09298;742;R110
09298;743;R085
09298;743;R110
09298;745;R110
09298;749;R015
09298;749;R110
09298;750;R015
09298;750;R110
09298;751;R015
09298;751;R110
09298;752;R015
09298;752;R110
09298;753;R015
09298;753;R110
09298;759;R110
09298;762;R110
09298;770;R085
09298;770;R110
09298;773;R085
09298;773;R110
09298;786;R085
09298;788;R085
09298;788;R110
09298;789;R085
09298;789;R110
09298;794;R015
09298;794;R110
09302;731;R005
09302;731;R110
09302;731;R120
09302;731;R172
09302;731;R190
09302;731;R294
09302;740;R110
09302;740;R120
09302;741;R005
09302;741;R110
09302;741;R120
09302;742;R110
09302;742;R120
09302;743;R110
09302;743;R120
09302;743;R172
09302;743;R190
09302;743;R294
09302;745;R110
09302;745;R120
09302;749;R015
09302;749;R058
09302;749;R110
09302;749;R172
09302;749;R269
09302;750;R015
09302;750;R058
09302;750;R110
09302;751;R015
09302;751;R058
09302;751;R110
09302;751;R172
09302;751;R269
09302;752;R015
09302;752;R058
09302;752;R110
09302;753;R015
09302;753;R058
09302;753;R110
09302;759;R110
09302;762;R110
09302;770;R110
09302;770;R169
09302;773;R110
09302;773;R169
09302;785;R172
09302;786;R109
09302;786;R169
09302;786;R172
09302;786;R190
09302;786;R306
09302;788;R109
09302;788;R110
09302;789;R010
09302;789;R107
09302;789;R109
09302;789;R110
09302;789;R131
09302;789;R134
09302;789;R169
09302;789;R172
09302;789;R190
09302;789;R306
09302;794;R015
09302;794;R058
09302;794;R110
09307;749;R015
09307;750;R015
09307;751;R015
09307;752;R015
09307;753;R015
09307;794;R015
09315;786;R152
09315;788;R152
09315;789;R152
09316;731;R036
09316;731;R053
09316;731;R085
09316;731;R094
09316;731;R110
09316;731;R120
09316;731;R172
09316;731;R195
09316;731;R210
09316;731;R289
09316;731;R290
09316;731;R294
09316;740;R110
09316;740;R120
09316;740;R294
09316;741;R085
09316;741;R110
09316;741;R120
09316;742;R110
09316;742;R120
09316;743;R036
09316;743;R053
09316;743;R094
09316;743;R110
09316;743;R120
09316;743;R172
09316;743;R195
09316;743;R210
09316;743;R289
09316;743;R290
09316;743;R294
09316;745;R110
09316;745;R120
09316;749;R015
09316;749;R033
09316;749;R058
09316;749;R110
09316;749;R114
09316;749;R172
09316;749;R210
09316;749;R269
09316;750;R015
09316;750;R058
09316;750;R110
09316;751;R015
09316;751;R033
09316;751;R058
09316;751;R110
09316;751;R172
09316;751;R210
09316;751;R269
09316;752;R015
09316;752;R058
09316;752;R110
09316;753;R015
09316;753;R058
09316;753;R110
09316;759;R110
09316;762;R110
09316;762;R114
09316;770;R085
09316;770;R110
09316;770;R116
09316;770;R169
09316;770;R230
09316;773;R012
09316;773;R085
09316;773;R110
09316;773;R116
09316;773;R169
09316;773;R230
09316;785;R172
09316;786;R012
09316;786;R033
09316;786;R036
09316;786;R085
09316;786;R107
09316;786;R109
09316;786;R114
09316;786;R116
09316;786;R131
09316;786;R134
09316;786;R141
09316;786;R169
09316;786;R172
09316;786;R210
09316;786;R230
09316;786;R289
09316;786;R290
09316;788;R012
09316;788;R085
09316;788;R109
09316;788;R110
09316;788;R116
09316;788;R141
09316;788;R230
09316;789;R012
09316;789;R033
09316;789;R036
09316;789;R085
09316;789;R107
09316;789;R109
09316;789;R110
09316;789;R114
09316;789;R116
09316;789;R131
09316;789;R134
09316;789;R141
09316;789;R169
09316;789;R172
09316;789;R210
09316;789;R230
09316;789;R290
09316;794;R015
09316;794;R058
09316;794;R110
09318;731;R085
09318;731;R094
09318;731;R146
09318;741;R085
09318;743;R085
09318;743;R094
09318;743;R146
09318;770;R085
09318;773;R085
09318;786;R085
09318;786;R107
09318;786;R108
09318;786;R146
09318;788;R085
09318;788;R146
09318;789;R085
09318;789;R107
09318;789;R108
09326;731;R110
09326;740;R110
09326;741;R110
09326;742;R110
09326;743;R110
09326;745;R110
09326;749;R110
09326;750;R110
09326;751;R110
09326;752;R110
09326;753;R110
09326;759;R110
09326;762;R110
09326;770;R110
09326;770;R169
09326;770;R239
09326;773;R012
09326;773;R110
09326;773;R169
09326;773;R239
09326;786;R012
09326;786;R152
09326;786;R169
09326;786;R239
09326;788;R012
09326;788;R110
09326;788;R152
09326;788;R169
09326;788;R239
09326;789;R012
09326;789;R110
09326;789;R152
09326;789;R169
09326;789;R239
09326;794;R110
09370;749;R015
09370;750;R015
09370;751;R015
09370;752;R015
09370;753;R015
09370;770;R116
09370;773;R116
09370;786;R116
09370;788;R116
09370;789;R116
09370;794;R015
09404;758;R022
09404;758;R187
09404;759;R022
09404;759;R059
09404;759;R187
09404;762;R022
09404;762;R059
09404;762;R187
09404;770;R022
09404;789;R022
09430;731;R110
09430;740;R110
09430;741;R110
09430;742;R110
09430;743;R110
09430;745;R110
09430;749;R110
09430;750;R110
09430;751;R110
09430;752;R110
09430;753;R110
09430;759;R110
09430;762;R110
09430;770;R110
09430;773;R110
09430;788;R110
09430;789;R110
09430;794;R110
09442;731;R003
09442;731;R189
09442;740;R189
09442;741;R003
09442;741;R189
09442;742;R189
09442;743;R003
09442;745;R189
09442;751;R189
09442;788;R189
09442;789;R189
09445;731;R110
09445;740;R110
09445;741;R110
09445;742;R110
09445;743;R110
09445;745;R110
09445;749;R110
09445;750;R110
09445;751;R110
09445;752;R110
09445;753;R110
09445;759;R110
09445;762;R110
09445;770;R110
09445;773;R110
09445;788;R110
09445;789;R110
09445;794;R110
09500;731;R085
09500;731;R110
09500;731;R276
09500;731;R283
09500;731;R294
09500;740;R110
09500;741;R085
09500;741;R110
09500;742;R110
09500;743;R085
09500;743;R110
09500;745;R110
09500;745;R294
09500;749;R058
09500;749;R110
09500;749;R270
09500;749;R276
09500;749;R283
09500;750;R058
09500;750;R110
09500;751;R058
09500;751;R110
09500;751;R270
09500;751;R276
09500;751;R283
09500;752;R058
09500;752;R110
09500;753;R058
09500;753;R110
09500;759;R110
09500;762;R110
09500;770;R085
09500;770;R110
09500;773;R085
09500;773;R110
09500;788;R085
09500;788;R110
09500;789;R085
09500;789;R110
09500;789;R270
09500;789;R276
09500;789;R283
09500;794;R058
09500;794;R110
09501;731;R011
09501;731;R276
09501;731;R283
09501;740;R110
09501;741;R110
09501;742;R110
09501;743;R110
09501;745;R110
09501;749;R011
09501;749;R110
09501;749;R276
09501;749;R283
09501;750;R110
09501;751;R011
09501;751;R110
09501;751;R276
09501;751;R283
09501;752;R110
09501;753;R110
09501;759;R110
09501;762;R110
09501;770;R110
09501;773;R110
09501;788;R110
09501;789;R011
09501;789;R110
09501;789;R276
09501;789;R283
09501;794;R110
09502;740;R110
09502;741;R110
09502;742;R110
09502;743;R110
09502;745;R110
09502;749;R058
09502;749;R110
09502;749;R276
09502;749;R283
09502;750;R058
09502;750;R110
09502;751;R058
09502;751;R110
09502;751;R276
09502;751;R283
09502;752;R058
09502;752;R110
09502;753;R058
09502;753;R110
09502;759;R110
09502;762;R110
09502;770;R110
09502;770;R239
09502;773;R110
09502;773;R239
09502;786;R239
09502;788;R110
09502;788;R239
09502;789;R110
09502;789;R239
09502;789;R276
09502;789;R283
09502;794;R058
09502;794;R110
09503;731;R011
09503;731;R110
09503;731;R276
09503;731;R283
09503;731;R294
09503;740;R110
09503;741;R110
09503;742;R110
09503;743;R110
09503;745;R110
09503;749;R011
09503;749;R110
09503;749;R276
09503;749;R283
09503;750;R110
09503;751;R011
09503;751;R110
09503;751;R276
09503;751;R283
09503;752;R110
09503;753;R110
09503;759;R110
09503;762;R110
09503;770;R110
09503;770;R169
09503;773;R110
09503;773;R169
09503;786;R169
09503;788;R110
09503;788;R169
09503;789;R011
09503;789;R110
09503;789;R169
09503;789;R276
09503;789;R283
09503;794;R110
09504;731;R011
09504;731;R085
09504;731;R110
09504;731;R283
09504;731;R294
09504;740;R110
09504;741;R085
09504;741;R110
09504;742;R110
09504;743;R085
09504;743;R110
09504;745;R110
09504;749;R011
09504;749;R110
09504;749;R283
09504;750;R110
09504;751;R011
09504;751;R110
09504;751;R283
09504;752;R110
09504;753;R110
09504;759;R110
09504;762;R110
09504;770;R085
09504;770;R110
09504;773;R085
09504;773;R110
09504;788;R085
09504;788;R110
09504;789;R011
09504;789;R085
09504;789;R110
09504;789;R283
09504;794;R110
11001;770;R239
11001;773;R239
11001;786;R239
11001;788;R239
11001;789;R239
11004;785;R152
11004;786;R152
11004;788;R152
11004;789;R152
11006;785;R152
11006;786;R152
11006;788;R152
11006;789;R152
11007;762;R246
11007;762;R288
11007;770;R083
11007;770;R154
11007;770;R246
11007;770;R288
11007;773;R154
11007;773;R246
11007;773;R288
11011;785;R087
11011;786;R087
11011;786;R141
11011;788;R141
11011;789;R077
11011;789;R087
11011;789;R141
11011;789;R174
11011;789;R238
11012;789;R077
11012;789;R174
11025;785;R152
11025;786;R152
11025;788;R152
11025;789;R152
11031;785;R123
11031;786;R123
11031;789;R123
11043;773;R012
11043;786;R012
11043;788;R012
11043;789;R012
11052;749;R015
11052;749;R058
11052;750;R015
11052;750;R058
11052;751;R015
11052;751;R058
11052;752;R015
11052;752;R058
11052;753;R015
11052;753;R058
11052;770;R085
11052;770;R116
11052;773;R012
11052;773;R085
11052;773;R116
11052;786;R012
11052;786;R085
11052;786;R113
11052;786;R116
11052;786;R141
11052;786;R214
11052;788;R012
11052;788;R085
11052;788;R116
11052;788;R141
11052;789;R007
11052;789;R012
11052;789;R085
11052;789;R113
11052;789;R116
11052;789;R134
11052;789;R141
11052;789;R214
11052;794;R015
11052;794;R058
11053;731;R085
11053;741;R085
11053;743;R085
11053;786;R152
11053;788;R152
11053;789;R007
11053;789;R152
11056;770;R116
11056;773;R116
11056;786;R116
11056;786;R214
11056;788;R116
11056;789;R116
11056;789;R214
11060;786;R076
11060;789;R076
11061;786;R076
11061;789;R076
11080;749;R015
11080;750;R015
11080;751;R015
11080;752;R015
11080;753;R015
11080;770;R116
11080;770;R170
11080;773;R116
11080;773;R170
11080;786;R116
11080;786;R170
11080;788;R116
11080;788;R170
11080;789;R116
11080;789;R170
11080;794;R015
11088;749;R015
11088;749;R058
11088;750;R015
11088;750;R058
11088;751;R015
11088;751;R058
11088;752;R015
11088;752;R058
11088;753;R015
11088;753;R058
11088;770;R116
11088;773;R116
11088;786;R116
11088;788;R116
11088;789;R116
11088;794;R015
11088;794;R058
11089;749;R015
11089;750;R015
11089;751;R015
11089;752;R015
11089;753;R015
11089;794;R015
11090;731;R110
11090;740;R110
11090;741;R110
11090;742;R110
11090;743;R110
11090;745;R110
11090;749;R015
11090;749;R110
11090;750;R015
11090;750;R110
11090;751;R015
11090;751;R110
11090;752;R015
11090;752;R110
11090;753;R015
11090;753;R110
11090;759;R110
11090;762;R110
11090;770;R018
11090;770;R085
11090;770;R110
11090;770;R116
11090;770;R170
11090;773;R012
11090;773;R018
11090;773;R085
11090;773;R110
11090;773;R116
11090;773;R170
11090;773;R238
11090;786;R012
11090;786;R018
11090;786;R085
11090;786;R099
11090;786;R116
11090;786;R119
11090;786;R134
11090;786;R141
11090;786;R170
11090;786;R179
11090;786;R213
11090;786;R238
11090;788;R012
11090;788;R018
11090;788;R085
11090;788;R110
11090;788;R116
11090;788;R141
11090;788;R170
11090;789;R012
11090;789;R018
11090;789;R085
11090;789;R099
11090;789;R110
11090;789;R116
11090;789;R119
11090;789;R134
11090;789;R141
11090;789;R170
11090;789;R179
11090;789;R213
11090;794;R015
11090;794;R110
11091;731;R110
11091;740;R110
11091;741;R110
11091;742;R110
11091;743;R110
11091;745;R110
11091;749;R110
11091;750;R110
11091;751;R110
11091;752;R110
11091;753;R110
11091;759;R110
11091;762;R110
11091;770;R110
11091;773;R110
11091;786;R208
11091;786;R213
11091;788;R110
11091;789;R110
11091;789;R208
11091;789;R213
11091;794;R110
11092;786;R221
11092;789;R221
11096;731;R110
11096;740;R110
11096;741;R110
11096;742;R110
11096;743;R110
11096;745;R110
11096;749;R110
11096;750;R110
11096;751;R110
11096;752;R110
11096;753;R110
11096;759;R110
11096;762;R110
11096;770;R110
11096;773;R110
11096;788;R110
11096;789;R110
11096;794;R110
11097;731;R110
11097;740;R110
11097;741;R110
11097;742;R110
11097;743;R110
11097;745;R110
11097;749;R110
11097;750;R110
11097;751;R110
11097;752;R110
11097;753;R110
11097;759;R110
11097;762;R110
11097;770;R110
11097;773;R110
11097;788;R110
11097;789;R110
11097;794;R110
11098;749;R015
11098;750;R015
11098;751;R015
11098;752;R015
11098;753;R015
11098;762;R208
11098;770;R116
11098;770;R170
11098;773;R116
11098;773;R170
11098;773;R208
11098;786;R116
11098;786;R134
11098;786;R170
11098;786;R208
11098;788;R116
11098;788;R170
11098;789;R116
11098;789;R134
11098;789;R170
11098;789;R208
11098;794;R015
11099;762;R208
11099;773;R208
11099;786;R208
11099;789;R208
11109;770;R018
11109;770;R046
11109;770;R116
11109;770;R170
11109;773;R012
11109;773;R018
11109;773;R046
11109;773;R116
11109;773;R170
11109;773;R238
11109;786;R012
11109;786;R018
11109;786;R046
11109;786;R047
11109;786;R116
11109;786;R170
11109;786;R221
11109;786;R238
11109;788;R012
11109;788;R018
11109;788;R046
11109;788;R116
11109;788;R170
11109;789;R012
11109;789;R018
11109;789;R046
11109;789;R047
11109;789;R116
11109;789;R134
11109;789;R170
11109;789;R221
11109;789;R238
11110;770;R085
11110;773;R085
11110;786;R085
11110;788;R085
11110;789;R085
11112;731;R047
11112;731;R085
11112;731;R294
11112;741;R085
11112;743;R085
11112;749;R015
11112;750;R015
11112;751;R015
11112;752;R015
11112;753;R015
11112;770;R046
11112;770;R047
11112;770;R085
11112;770;R116
11112;770;R170
11112;773;R046
11112;773;R085
11112;773;R116
11112;773;R170
11112;786;R026
11112;786;R046
11112;786;R047
11112;786;R085
11112;786;R116
11112;786;R170
11112;788;R046
11112;788;R085
11112;788;R116
11112;788;R170
11112;789;R026
11112;789;R046
11112;789;R047
11112;789;R085
11112;789;R116
11112;789;R170
11112;794;R015
11113;731;R043
11113;745;R043
11114;770;R047
11114;773;R047
11114;786;R047
11114;788;R047
11114;789;R047
11115;785;R152
11115;786;R152
11115;788;R152
11115;789;R152
11116;749;R015
11116;750;R015
11116;751;R015
11116;752;R015
11116;753;R015
11116;770;R018
11116;770;R046
11116;770;R085
11116;770;R170
11116;770;R303
11116;773;R018
11116;773;R046
11116;773;R085
11116;773;R170
11116;773;R303
11116;786;R018
11116;786;R046
11116;786;R085
11116;786;R170
11116;786;R238
11116;786;R303
11116;788;R018
11116;788;R046
11116;788;R085
11116;788;R170
11116;789;R018
11116;789;R046
11116;789;R085
11116;789;R170
11116;789;R303
11116;794;R015
11117;731;R085
11117;741;R085
11117;743;R085
11117;770;R085
11117;773;R085
11117;785;R152
11117;786;R085
11117;786;R152
11117;788;R085
11117;788;R152
11117;789;R085
11117;789;R152
11119;770;R085
11119;773;R085
11119;786;R085
11119;788;R085
11119;789;R085
11124;749;R015
11124;749;R058
11124;750;R015
11124;750;R058
11124;751;R015
11124;751;R058
11124;752;R015
11124;752;R058
11124;753;R015
11124;753;R058
11124;770;R018
11124;770;R116
11124;770;R170
11124;773;R012
11124;773;R018
11124;773;R116
11124;773;R170
11124;785;R152
11124;786;R012
11124;786;R018
11124;786;R116
11124;786;R141
11124;786;R152
11124;786;R170
11124;788;R012
11124;788;R018
11124;788;R116
11124;788;R141
11124;788;R152
11124;788;R170
11124;789;R012
11124;789;R018
11124;789;R116
11124;789;R141
11124;789;R152
11124;789;R170
11124;794;R015
11124;794;R058
11125;785;R152
11125;786;R152
11125;788;R152
11125;789;R152
11128;770;R116
11128;773;R116
11128;786;R116
11128;788;R116
11128;789;R116
11135;749;R015
11135;750;R015
11135;751;R015
11135;752;R015
11135;753;R015
11135;770;R018
11135;770;R116
11135;770;R170
11135;773;R018
11135;773;R116
11135;773;R170
11135;773;R208
11135;786;R018
11135;786;R116
11135;786;R170
11135;786;R208
11135;786;R221
11135;788;R018
11135;788;R116
11135;788;R170
11135;789;R018
11135;789;R116
11135;789;R170
11135;789;R208
11135;789;R221
11135;794;R015
11136;773;R208
11136;786;R208
11136;789;R208
11137;773;R208
11137;786;R208
11137;786;R221
11137;789;R208
11137;789;R221
11138;773;R208
11138;786;R208
11138;789;R208
11141;770;R170
11141;773;R170
11141;786;R170
11141;788;R170
11141;789;R170
11143;731;R110
11143;740;R110
11143;741;R110
11143;742;R110
11143;743;R110
11143;745;R110
11143;749;R110
11143;750;R110
11143;751;R110
11143;752;R110
11143;753;R110
11143;759;R110
11143;762;R110
11143;770;R051
11143;770;R110
11143;770;R117
11143;770;R134
11143;770;R163
11143;770;R238
11143;773;R051
11143;773;R110
11143;773;R117
11143;773;R134
11143;773;R163
11143;773;R238
11143;786;R141
11143;788;R110
11143;788;R141
11143;789;R050
11143;789;R110
11143;789;R141
11143;794;R110
11147;749;R222
11147;786;R222
11147;788;R222
11147;789;R222
11152;731;R011
11152;749;R015
11152;750;R015
11152;751;R015
11152;752;R015
11152;753;R015
11152;770;R011
11152;770;R116
11152;773;R011
11152;773;R116
11152;773;R127
11152;786;R011
11152;786;R116
11152;788;R116
11152;789;R011
11152;789;R116
11152;789;R127
11152;794;R015
11156;759;R133
11156;770;R133
11156;770;R267
11156;773;R133
11156;773;R267
11156;785;R133
11156;785;R267
11156;786;R026
11156;786;R133
11156;786;R267
11156;788;R267
11156;789;R026
11156;789;R133
11156;789;R267
11161;770;R303
11161;773;R303
11161;785;R123
11161;786;R123
11161;786;R303
11161;789;R123
11161;789;R303
11165;759;R133
11165;770;R133
11165;773;R133
11165;785;R133
11165;786;R133
11165;789;R133
11165;789;R238
11167;749;R015
11167;750;R015
11167;751;R015
11167;752;R015
11167;753;R015
11167;794;R015
11200;731;R085
11200;741;R085
11200;743;R085
11200;770;R085
11200;773;R085
11200;786;R085
11200;788;R085
11200;789;R085
11203;759;R133
11203;770;R133
11203;773;R133
11203;785;R133
11203;786;R133
11203;789;R133
11204;785;R152
11204;786;R152
11204;788;R152
11204;789;R152
11205;749;R015
11205;750;R015
11205;751;R015
11205;752;R015
11205;753;R015
11205;770;R046
11205;770;R116
11205;770;R170
11205;773;R012
11205;773;R046
11205;773;R116
11205;773;R170
11205;785;R152
11205;786;R012
11205;786;R046
11205;786;R116
11205;786;R141
11205;786;R152
11205;786;R170
11205;788;R012
11205;788;R046
11205;788;R116
11205;788;R141
11205;788;R152
11205;788;R170
11205;789;R012
11205;789;R046
11205;789;R116
11205;789;R141
11205;789;R152
11205;789;R170
11205;794;R015
11209;741;R294
11209;749;R058
11209;750;R058
11209;751;R058
11209;752;R058
11209;753;R058
11209;773;R012
11209;785;R123
11209;786;R012
11209;786;R123
11209;788;R012
11209;789;R012
11209;789;R123
11209;794;R058
11213;749;R015
11213;750;R015
11213;751;R015
11213;752;R015
11213;753;R015
11213;770;R116
11213;773;R116
11213;786;R072
11213;786;R116
11213;786;R117
11213;788;R116
11213;789;R116
11213;794;R015
11215;786;R141
11215;788;R141
11215;789;R141
11220;770;R046
11220;773;R046
11220;786;R046
11220;788;R046
11220;789;R046
11222;785;R152
11222;786;R152
11222;788;R152
11222;789;R152
11233;770;R116
11233;770;R124
11233;770;R170
11233;773;R116
11233;773;R170
11233;785;R123
11233;786;R026
11233;786;R116
11233;786;R123
11233;786;R124
11233;786;R134
11233;786;R170
11233;786;R197
11233;788;R116
11233;788;R170
11233;789;R026
11233;789;R116
11233;789;R123
11233;789;R124
11233;789;R134
11233;789;R170
11233;789;R197
11241;770;R170
11241;773;R170
11241;786;R170
11241;788;R170
11241;789;R170
11246;749;R015
11246;750;R015
11246;751;R015
11246;752;R015
11246;753;R015
11246;770;R116
11246;770;R170
11246;773;R116
11246;773;R170
11246;786;R026
11246;786;R116
11246;786;R117
11246;786;R134
11246;786;R141
11246;786;R170
11246;788;R116
11246;788;R141
11246;788;R170
11246;789;R026
11246;789;R116
11246;789;R117
11246;789;R141
11246;789;R170
11246;794;R015
11250;731;R110
11250;740;R110
11250;741;R110
11250;742;R110
11250;743;R110
11250;745;R110
11250;749;R110
11250;750;R110
11250;751;R110
11250;752;R110
11250;753;R110
11250;759;R110
11250;762;R110
11250;770;R110
11250;773;R110
11250;786;R026
11250;788;R110
11250;789;R026
11250;789;R110
11250;789;R192
11250;794;R110
11251;731;R072
11251;731;R110
11251;740;R110
11251;741;R110
11251;742;R110
11251;743;R110
11251;745;R110
11251;749;R110
11251;750;R110
11251;751;R110
11251;752;R110
11251;753;R110
11251;759;R110
11251;762;R110
11251;770;R110
11251;770;R303
11251;773;R072
11251;773;R110
11251;773;R303
11251;786;R303
11251;788;R110
11251;789;R072
11251;789;R110
11251;789;R303
11251;794;R110
11252;731;R072
11252;731;R110
11252;740;R110
11252;741;R110
11252;742;R110
11252;743;R110
11252;745;R110
11252;749;R015
11252;749;R110
11252;750;R015
11252;750;R110
11252;751;R015
11252;751;R110
11252;752;R015
11252;752;R110
11252;753;R015
11252;753;R110
11252;759;R110
11252;762;R110
11252;770;R085
11252;770;R110
11252;770;R116
11252;770;R170
11252;773;R072
11252;773;R085
11252;773;R110
11252;773;R116
11252;773;R170
11252;786;R026
11252;786;R085
11252;786;R116
11252;786;R170
11252;788;R085
11252;788;R110
11252;788;R116
11252;788;R170
11252;789;R026
11252;789;R051
11252;789;R072
11252;789;R085
11252;789;R110
11252;789;R116
11252;789;R117
11252;789;R170
11252;794;R015
11252;794;R110
11253;731;R011
11253;731;R072
11253;731;R110
11253;740;R110
11253;741;R110
11253;742;R110
11253;743;R110
11253;745;R110
11253;749;R110
11253;750;R110
11253;751;R110
11253;752;R110
11253;753;R110
11253;759;R110
11253;762;R110
11253;770;R011
11253;770;R018
11253;770;R046
11253;770;R110
11253;770;R124
11253;773;R011
11253;773;R012
11253;773;R018
11253;773;R046
11253;773;R072
11253;773;R110
11253;786;R011
11253;786;R012
11253;786;R018
11253;786;R026
11253;786;R046
11253;786;R124
11253;786;R141
11253;786;R152
11253;788;R012
11253;788;R018
11253;788;R046
11253;788;R110
11253;788;R141
11253;788;R152
11253;789;R011
11253;789;R012
11253;789;R018
11253;789;R026
11253;789;R046
11253;789;R072
11253;789;R110
11253;789;R124
11253;789;R141
11253;789;R152
11253;789;R192
11253;794;R110
11254;773;R012
11254;786;R012
11254;788;R012
11254;789;R012
11257;731;R011
11257;731;R072
11257;731;R110
11257;731;R294
11257;740;R110
11257;741;R110
11257;742;R110
11257;743;R110
11257;745;R110
11257;749;R110
11257;750;R110
11257;751;R110
11257;752;R110
11257;753;R110
11257;759;R110
11257;762;R110
11257;770;R011
11257;770;R110
11257;770;R303
11257;773;R011
11257;773;R072
11257;773;R110
11257;773;R303
11257;786;R011
11257;786;R303
11257;788;R110
11257;789;R011
11257;789;R072
11257;789;R110
11257;789;R192
11257;789;R303
11257;794;R110
11260;749;R015
11260;750;R015
11260;751;R015
11260;752;R015
11260;753;R015
11260;770;R116
11260;773;R116
11260;786;R116
11260;788;R116
11260;789;R116
11260;794;R015
11264;770;R116
11264;773;R116
11264;786;R116
11264;788;R116
11264;789;R116
11270;785;R123
11270;786;R123
11270;789;R123
11276;770;R124
11276;786;R124
11276;789;R124
11278;785;R123
11278;786;R123
11278;789;R123
11278;789;R238
11282;749;R015
11282;749;R058
11282;750;R015
11282;750;R058
11282;751;R015
11282;751;R058
11282;752;R015
11282;752;R058
11282;753;R015
11282;753;R058
11282;770;R085
11282;770;R116
11282;770;R170
11282;770;R239
11282;773;R012
11282;773;R085
11282;773;R116
11282;773;R170
11282;773;R239
11282;785;R177
11282;785;R271
11282;786;R012
11282;786;R027
11282;786;R076
11282;786;R085
11282;786;R116
11282;786;R117
11282;786;R141
11282;786;R170
11282;786;R239
11282;788;R012
11282;788;R085
11282;788;R116
11282;788;R141
11282;788;R170
11282;788;R239
11282;789;R012
11282;789;R027
11282;789;R076
11282;789;R085
11282;789;R116
11282;789;R117
11282;789;R134
11282;789;R141
11282;789;R166
11282;789;R170
11282;789;R174
11282;789;R177
11282;789;R179
11282;789;R205
11282;789;R206
11282;789;R239
11282;789;R271
11282;789;R296
11282;794;R015
11282;794;R058
11283;786;R076
11283;789;R076
11283;789;R174
11291;770;R170
11291;773;R170
11291;786;R134
11291;786;R152
11291;786;R170
11291;788;R152
11291;788;R170
11291;789;R134
11291;789;R152
11291;789;R170
11292;770;R085
11292;773;R085
11292;785;R123
11292;786;R085
11292;786;R123
11292;788;R085
11292;789;R085
11292;789;R123
11293;786;R238
11294;731;R110
11294;740;R110
11294;741;R110
11294;742;R110
11294;743;R110
11294;745;R110
11294;749;R110
11294;750;R110
11294;751;R110
11294;752;R110
11294;753;R110
11294;759;R110
11294;762;R110
11294;770;R085
11294;770;R110
11294;773;R085
11294;773;R110
11294;786;R027
11294;786;R085
11294;786;R248
11294;788;R085
11294;788;R110
11294;788;R248
11294;789;R027
11294;789;R085
11294;789;R110
11294;789;R206
11294;789;R248
11294;794;R110
11297;759;R133
11297;770;R124
11297;770;R133
11297;770;R134
11297;770;R170
11297;770;R238
11297;773;R012
11297;773;R133
11297;773;R134
11297;773;R170
11297;785;R133
11297;786;R012
11297;786;R124
11297;786;R133
11297;786;R134
11297;786;R170
11297;786;R238
11297;788;R012
11297;788;R170
11297;789;R012
11297;789;R124
11297;789;R133
11297;789;R170
11298;770;R170
11298;773;R170
11298;786;R170
11298;788;R170
11298;789;R170
11300;749;R015
11300;750;R015
11300;751;R015
11300;752;R015
11300;753;R015
11300;794;R015
11304;749;R058
11304;750;R058
11304;751;R058
11304;752;R058
11304;753;R058
11304;770;R116
11304;773;R116
11304;786;R116
11304;788;R116
11304;789;R116
11304;794;R058
11308;749;R015
11308;750;R015
11308;751;R015
11308;752;R015
11308;753;R015
11308;770;R116
11308;773;R116
11308;786;R116
11308;788;R116
11308;789;R116
11308;794;R015
11312;786;R076
11312;789;R076
11313;731;R085
11313;741;R085
11313;743;R085
11313;770;R085
11313;773;R085
11313;786;R076
11313;786;R085
11313;788;R085
11313;789;R076
11313;789;R085
11333;731;R011
11333;749;R058
11333;750;R058
11333;751;R058
11333;752;R058
11333;753;R058
11333;770;R011
11333;770;R170
11333;770;R239
11333;773;R011
11333;773;R012
11333;773;R134
11333;773;R170
11333;773;R238
11333;773;R239
11333;786;R011
11333;786;R012
11333;786;R141
11333;786;R170
11333;786;R239
11333;788;R012
11333;788;R141
11333;788;R170
11333;788;R239
11333;789;R011
11333;789;R012
11333;789;R134
11333;789;R141
11333;789;R170
11333;789;R238
11333;789;R239
11333;794;R058
11352;731;R110
11352;740;R110
11352;741;R110
11352;742;R110
11352;743;R110
11352;745;R110
11352;749;R015
11352;749;R110
11352;750;R015
11352;750;R110
11352;751;R015
11352;751;R110
11352;752;R015
11352;752;R110
11352;753;R015
11352;753;R110
11352;759;R110
11352;762;R110
11352;770;R046
11352;770;R110
11352;773;R012
11352;773;R046
11352;773;R110
11352;786;R012
11352;786;R046
11352;786;R221
11352;788;R012
11352;788;R046
11352;788;R110
11352;789;R012
11352;789;R046
11352;789;R110
11352;789;R221
11352;794;R015
11352;794;R110
11354;731;R110
11354;740;R110
11354;741;R110
11354;742;R110
11354;743;R110
11354;745;R110
11354;749;R110
11354;750;R110
11354;751;R110
11354;752;R110
11354;753;R110
11354;759;R110
11354;762;R110
11354;770;R110
11354;773;R110
11354;788;R110
11354;789;R110
11354;794;R110
11355;731;R110
11355;740;R110
11355;741;R110
11355;742;R110
11355;743;R110
11355;745;R110
11355;749;R110
11355;750;R110
11355;751;R110
11355;752;R110
11355;753;R110
11355;759;R110
11355;762;R110
11355;770;R110
11355;773;R110
11355;788;R110
11355;789;R110
11355;794;R110
11356;731;R110
11356;740;R110
11356;741;R110
11356;742;R110
11356;743;R110
11356;745;R110
11356;749;R110
11356;750;R110
11356;751;R110
11356;752;R110
11356;753;R110
11356;759;R110
11356;762;R110
11356;770;R110
11356;773;R110
11356;788;R110
11356;789;R110
11356;794;R110
11357;731;R110
11357;740;R110
11357;741;R110
11357;742;R110
11357;743;R110
11357;745;R110
11357;749;R110
11357;750;R110
11357;751;R110
11357;752;R110
11357;753;R110
11357;759;R110
11357;762;R110
11357;770;R110
11357;773;R110
11357;788;R110
11357;789;R110
11357;794;R110
11358;731;R110
11358;740;R110
11358;741;R110
11358;742;R110
11358;743;R110
11358;745;R110
11358;749;R110
11358;750;R110
11358;751;R110
11358;752;R110
11358;753;R110
11358;759;R110
11358;762;R110
11358;770;R110
11358;773;R110
11358;788;R110
11358;789;R110
11358;794;R110
11422;770;R169
11422;773;R169
11422;785;R152
11422;786;R152
11422;786;R169
11422;788;R152
11422;788;R169
11422;789;R152
11422;789;R169
11427;770;R116
11427;773;R116
11427;785;R123
11427;786;R116
11427;786;R123
11427;788;R116
11427;789;R116
11427;789;R123
11429;731;R110
11429;740;R110
11429;741;R110
11429;742;R110
11429;743;R110
11429;743;R294
11429;745;R110
11429;749;R110
11429;750;R110
11429;751;R110
11429;752;R110
11429;753;R110
11429;759;R110
11429;762;R110
11429;770;R110
11429;770;R116
11429;770;R170
11429;773;R110
11429;773;R116
11429;773;R170
11429;786;R026
11429;786;R116
11429;786;R170
11429;788;R110
11429;788;R116
11429;788;R170
11429;789;R026
11429;789;R110
11429;789;R116
11429;789;R170
11429;794;R110
11430;773;R012
11430;786;R012
11430;788;R012
11430;789;R012
11435;770;R116
11435;770;R170
11435;773;R116
11435;773;R170
11435;785;R123
11435;786;R116
11435;786;R123
11435;786;R170
11435;788;R116
11435;788;R170
11435;789;R116
11435;789;R123
11435;789;R170
11439;770;R047
11439;770;R116
11439;773;R116
11439;786;R047
11439;786;R116
11439;788;R047
11439;788;R116
11439;789;R047
11439;789;R116
11450;773;R012
11450;786;R012
11450;788;R012
11450;789;R012
11457;770;R046
11457;770;R085
11457;770;R116
11457;770;R170
11457;773;R012
11457;773;R046
11457;773;R085
11457;773;R116
11457;773;R170
11457;786;R012
11457;786;R046
11457;786;R085
11457;786;R116
11457;786;R141
11457;786;R170
11457;786;R194
11457;788;R012
11457;788;R046
11457;788;R085
11457;788;R116
11457;788;R141
11457;788;R170
11457;789;R012
11457;789;R046
11457;789;R085
11457;789;R116
11457;789;R141
11457;789;R170
11457;789;R194
11463;770;R116
11463;773;R116
11463;786;R116
11463;788;R116
11463;789;R116
11477;749;R058
11477;750;R058
11477;751;R058
11477;752;R058
11477;753;R058
11477;789;R007
11477;794;R058
11478;789;R007
11505;770;R046
11505;770;R085
11505;773;R046
11505;773;R085
11505;785;R123
11505;786;R046
11505;786;R085
11505;786;R123
11505;786;R152
11505;788;R046
11505;788;R085
11505;788;R152
11505;789;R046
11505;789;R085
11505;789;R123
11505;789;R152
11506;785;R152
11506;786;R152
11506;788;R152
11506;789;R152
11507;770;R085
11507;773;R085
11507;786;R085
11507;788;R085
11507;789;R085
11510;785;R152
11510;786;R152
11510;788;R152
11510;789;R152
11518;789;R238
11519;785;R152
11519;786;R152
11519;788;R152
11519;789;R152
11520;770;R085
11520;773;R085
11520;786;R085
11520;788;R085
11520;789;R085
11521;731;R085
11521;741;R085
11521;743;R085
11521;785;R152
11521;786;R152
11521;788;R152
11521;789;R152
11529;731;R110
11529;740;R110
11529;741;R110
11529;742;R110
11529;743;R110
11529;745;R110
11529;749;R015
11529;749;R058
11529;749;R110
11529;750;R015
11529;750;R058
11529;750;R110
11529;751;R015
11529;751;R058
11529;751;R110
11529;752;R015
11529;752;R058
11529;752;R110
11529;753;R015
11529;753;R058
11529;753;R110
11529;759;R110
11529;762;R110
11529;762;R134
11529;770;R018
11529;770;R085
11529;770;R110
11529;770;R116
11529;770;R170
11529;773;R011
11529;773;R012
11529;773;R018
11529;773;R085
11529;773;R110
11529;773;R116
11529;773;R170
11529;785;R152
11529;786;R011
11529;786;R012
11529;786;R018
11529;786;R085
11529;786;R116
11529;786;R141
11529;786;R152
11529;786;R170
11529;786;R260
11529;788;R012
11529;788;R018
11529;788;R085
11529;788;R110
11529;788;R116
11529;788;R141
11529;788;R152
11529;788;R170
11529;788;R238
11529;789;R011
11529;789;R012
11529;789;R018
11529;789;R051
11529;789;R085
11529;789;R110
11529;789;R116
11529;789;R134
11529;789;R141
11529;789;R152
11529;789;R170
11529;789;R238
11529;789;R260
11529;794;R015
11529;794;R058
11529;794;R110
11530;731;R110
11530;740;R110
11530;741;R110
11530;742;R110
11530;743;R110
11530;745;R110
11530;749;R110
11530;750;R110
11530;751;R110
11530;752;R110
11530;753;R110
11530;759;R110
11530;762;R110
11530;770;R085
11530;770;R110
11530;773;R085
11530;773;R110
11530;786;R085
11530;788;R085
11530;788;R110
11530;789;R085
11530;789;R110
11530;794;R110
11531;770;R085
11531;773;R085
11531;786;R085
11531;788;R085
11531;789;R085
11547;786;R260
11547;789;R260
11568;770;R116
11568;773;R116
11568;786;R116
11568;786;R238
11568;788;R116
11568;789;R116
11587;770;R238
11591;759;R133
11591;770;R085
11591;770;R133
11591;773;R085
11591;773;R133
11591;785;R133
11591;786;R085
11591;786;R133
11591;786;R178
11591;788;R085
11591;789;R085
11591;789;R133
11591;789;R178
11602;785;R152
11602;786;R152
11602;788;R152
11602;789;R152
11616;770;R267
11616;773;R267
11616;785;R267
11616;786;R267
11616;788;R267
11616;789;R267
11670;770;R018
11670;773;R018
11670;773;R161
11670;786;R018
11670;788;R018
11670;789;R018
11670;789;R161
11676;786;R238
11696;786;R260
11696;789;R260
11722;786;R113
11722;789;R113
11724;786;R152
11724;788;R152
11724;789;R152
11821;731;R011
11821;749;R015
11821;749;R058
11821;750;R015
11821;750;R058
11821;751;R015
11821;751;R058
11821;752;R015
11821;752;R058
11821;753;R015
11821;753;R058
11821;770;R011
11821;770;R116
11821;773;R011
11821;773;R116
11821;773;R134
11821;786;R011
11821;786;R116
11821;786;R141
11821;788;R116
11821;788;R141
11821;789;R011
11821;789;R116
11821;789;R141
11821;794;R015
11821;794;R058
11886;770;R115
11886;773;R115
11886;786;R115
11886;786;R260
11886;788;R115
11886;789;R115
11886;789;R189
11886;789;R260
11935;786;R260
11935;789;R260
11951;731;R011
11951;770;R011
11951;773;R011
11951;773;R122
11951;786;R011
11951;786;R141
11951;788;R141
11951;789;R011
11951;789;R122
11951;789;R141
11952;731;R127
11952;741;R127
11952;773;R127
11952;789;R127
11957;758;R082
11957;789;R082
11959;731;R011
11959;770;R011
11959;770;R124
11959;773;R011
11959;785;R178
11959;786;R011
11959;786;R124
11959;786;R178
11959;789;R011
11959;789;R124
11959;789;R178
11960;731;R110
11960;740;R110
11960;741;R110
11960;742;R110
11960;743;R110
11960;745;R110
11960;749;R110
11960;750;R110
11960;751;R110
11960;752;R110
11960;753;R110
11960;759;R110
11960;762;R110
11960;770;R110
11960;773;R110
11960;788;R110
11960;789;R110
11960;794;R110
11977;773;R161
11977;789;R161
11979;773;R161
11979;789;R161
12061;731;R110
12061;740;R110
12061;741;R110
12061;742;R110
12061;743;R110
12061;745;R110
12061;749;R110
12061;749;R183
12061;750;R110
12061;751;R110
12061;751;R183
12061;752;R110
12061;753;R110
12061;758;R183
12061;759;R110
12061;762;R030
12061;762;R110
12061;762;R183
12061;770;R110
12061;773;R110
12061;785;R030
12061;785;R183
12061;786;R030
12061;786;R183
12061;788;R110
12061;789;R110
12061;789;R183
12061;794;R110
12078;731;R110
12078;740;R110
12078;741;R110
12078;742;R110
12078;743;R110
12078;745;R110
12078;749;R110
12078;750;R110
12078;751;R110
12078;752;R110
12078;753;R110
12078;759;R110
12078;762;R110
12078;770;R110
12078;773;R110
12078;788;R110
12078;789;R110
12078;794;R110
12086;731;R110
12086;740;R110
12086;741;R110
12086;742;R110
12086;743;R110
12086;745;R110
12086;749;R110
12086;750;R110
12086;751;R110
12086;752;R110
12086;753;R110
12086;759;R110
12086;762;R110
12086;770;R110
12086;773;R110
12086;788;R110
12086;789;R110
12086;794;R110
12098;749;R058
12098;750;R058
12098;751;R058
12098;752;R058
12098;753;R058
12098;794;R058
12119;785;R152
12119;786;R152
12119;788;R152
12119;789;R152
12120;731;R110
12120;740;R110
12120;741;R110
12120;742;R110
12120;743;R110
12120;745;R110
12120;749;R110
12120;750;R110
12120;751;R110
12120;752;R110
12120;753;R110
12120;759;R110
12120;762;R110
12120;770;R110
12120;773;R110
12120;788;R110
12120;789;R110
12120;794;R110
12131;731;R110
12131;740;R110
12131;741;R110
12131;742;R110
12131;743;R110
12131;745;R110
12131;749;R110
12131;750;R110
12131;751;R110
12131;752;R110
12131;753;R110
12131;759;R110
12131;762;R110
12131;770;R110
12131;773;R110
12131;788;R110
12131;789;R110
12131;794;R110
12142;731;R110
12142;740;R110
12142;741;R110
12142;742;R110
12142;743;R110
12142;745;R110
12142;749;R110
12142;750;R110
12142;751;R110
12142;752;R110
12142;753;R110
12142;759;R110
12142;762;R110
12142;770;R110
12142;773;R110
12142;788;R110
12142;789;R110
12142;794;R110
12149;731;R110
12149;740;R110
12149;741;R110
12149;742;R110
12149;743;R110
12149;745;R110
12149;749;R110
12149;750;R110
12149;751;R110
12149;752;R110
12149;753;R110
12149;759;R110
12149;762;R110
12149;770;R110
12149;773;R110
12149;788;R110
12149;789;R110
12149;794;R110
12151;731;R110
12151;731;R294
12151;740;R110
12151;741;R110
12151;742;R110
12151;743;R110
12151;745;R110
12151;749;R110
12151;750;R110
12151;751;R110
12151;752;R110
12151;753;R110
12151;759;R110
12151;762;R110
12151;770;R110
12151;773;R110
12151;788;R110
12151;789;R110
12151;794;R110
12155;731;R110
12155;740;R110
12155;741;R110
12155;742;R110
12155;743;R110
12155;745;R110
12155;749;R110
12155;750;R110
12155;751;R110
12155;752;R110
12155;753;R110
12155;759;R110
12155;762;R110
12155;770;R110
12155;773;R110
12155;788;R110
12155;789;R110
12155;794;R110
14003;749;R001
14003;749;R016
14003;749;R049
14003;749;R058
14003;749;R180
14003;749;R226
14003;750;R016
14003;750;R058
14003;751;R016
14003;751;R049
14003;751;R058
14003;751;R180
14003;751;R226
14003;752;R016
14003;752;R058
14003;753;R016
14003;753;R058
14003;759;R001
14003;762;R001
14003;770;R115
14003;773;R115
14003;786;R001
14003;786;R115
14003;788;R001
14003;788;R115
14003;789;R001
14003;789;R049
14003;789;R115
14003;789;R226
14003;794;R016
14003;794;R058
14057;740;R211
14057;741;R211
14057;742;R211
14057;745;R211
14057;749;R211
14057;751;R211
14057;789;R211
14096;731;R006
14096;731;R070
14096;731;R086
14096;731;R090
14096;731;R096
14096;731;R195
14096;731;R243
14096;740;R006
14096;740;R070
14096;740;R090
14096;740;R096
14096;740;R102
14096;740;R195
14096;740;R211
14096;740;R243
14096;741;R006
14096;741;R070
14096;741;R090
14096;741;R096
14096;741;R102
14096;741;R195
14096;741;R211
14096;741;R243
14096;742;R006
14096;742;R070
14096;742;R086
14096;742;R090
14096;742;R096
14096;742;R102
14096;742;R195
14096;742;R211
14096;742;R243
14096;742;R263
14096;745;R006
14096;745;R070
14096;745;R090
14096;745;R096
14096;745;R102
14096;745;R195
14096;745;R211
14096;745;R243
14096;749;R001
14096;749;R016
14096;749;R056
14096;749;R058
14096;749;R086
14096;749;R096
14096;749;R100
14096;749;R101
14096;749;R102
14096;749;R179
14096;749;R211
14096;749;R231
14096;749;R232
14096;749;R233
14096;749;R262
14096;749;R263
14096;750;R016
14096;750;R058
14096;751;R006
14096;751;R016
14096;751;R056
14096;751;R058
14096;751;R086
14096;751;R096
14096;751;R100
14096;751;R101
14096;751;R102
14096;751;R179
14096;751;R211
14096;751;R231
14096;751;R232
14096;751;R233
14096;751;R262
14096;751;R263
14096;752;R016
14096;752;R056
14096;752;R058
14096;753;R016
14096;753;R058
14096;759;R001
14096;762;R001
14096;770;R090
14096;770;R115
14096;770;R239
14096;773;R079
14096;773;R080
14096;773;R115
14096;773;R239
14096;785;R071
14096;785;R079
14096;785;R080
14096;785;R229
14096;785;R251
14096;786;R001
14096;786;R071
14096;786;R079
14096;786;R080
14096;786;R096
14096;786;R115
14096;786;R229
14096;786;R231
14096;786;R232
14096;786;R233
14096;786;R239
14096;786;R251
14096;786;R268
14096;786;R284
14096;788;R001
14096;788;R071
14096;788;R079
14096;788;R080
14096;788;R086
14096;788;R090
14096;788;R096
14096;788;R115
14096;788;R134
14096;788;R179
14096;788;R229
14096;788;R231
14096;788;R232
14096;788;R233
14096;788;R239
14096;788;R251
14096;788;R268
14096;788;R284
14096;789;R001
14096;789;R071
14096;789;R079
14096;789;R080
14096;789;R086
14096;789;R090
14096;789;R096
14096;789;R101
14096;789;R115
14096;789;R134
14096;789;R168
14096;789;R179
14096;789;R211
14096;789;R229
14096;789;R231
14096;789;R232
14096;789;R233
14096;789;R239
14096;789;R251
14096;789;R262
14096;789;R268
14096;789;R284
14096;794;R016
14096;794;R058
14097;740;R195
14097;740;R211
14097;741;R195
14097;741;R211
14097;742;R195
14097;742;R211
14097;745;R195
14097;745;R211
14097;749;R211
14097;751;R211
14097;773;R079
14097;773;R080
14097;785;R079
14097;785;R080
14097;786;R079
14097;786;R080
14097;788;R079
14097;788;R080
14097;789;R079
14097;789;R080
14097;789;R211
14098;740;R211
14098;741;R211
14098;742;R211
14098;745;R211
14098;749;R211
14098;751;R211
14098;773;R079
14098;785;R079
14098;786;R079
14098;788;R079
14098;789;R079
14098;789;R211
14100;740;R211
14100;741;R211
14100;742;R211
14100;745;R211
14100;749;R211
14100;751;R211
14100;789;R211
14106;731;R086
14106;742;R086
14106;742;R263
14106;749;R001
14106;749;R006
14106;749;R016
14106;749;R023
14106;749;R058
14106;749;R086
14106;749;R232
14106;749;R263
14106;750;R016
14106;750;R058
14106;751;R006
14106;751;R016
14106;751;R023
14106;751;R058
14106;751;R086
14106;751;R232
14106;751;R263
14106;752;R016
14106;752;R058
14106;753;R016
14106;753;R058
14106;759;R001
14106;762;R001
14106;770;R115
14106;773;R115
14106;785;R071
14106;785;R229
14106;785;R251
14106;786;R001
14106;786;R071
14106;786;R115
14106;786;R229
14106;786;R232
14106;786;R251
14106;786;R284
14106;788;R001
14106;788;R071
14106;788;R086
14106;788;R115
14106;788;R229
14106;788;R232
14106;788;R251
14106;788;R284
14106;789;R001
14106;789;R023
14106;789;R071
14106;789;R086
14106;789;R115
14106;789;R229
14106;789;R232
14106;789;R251
14106;789;R284
14106;794;R016
14106;794;R058
14192;749;R008
14192;751;R008
14192;751;R031
14192;789;R008
14194;749;R058
14194;750;R058
14194;751;R058
14194;752;R058
14194;753;R058
14194;794;R058
14209;749;R016
14209;749;R058
14209;750;R016
14209;750;R058
14209;751;R016
14209;751;R058
14209;752;R016
14209;752;R058
14209;753;R016
14209;753;R058
14209;770;R115
14209;773;R115
14209;786;R115
14209;788;R115
14209;789;R115
14209;794;R016
14209;794;R058
14242;731;R085
14242;731;R189
14242;740;R189
14242;741;R085
14242;741;R189
14242;742;R189
14242;743;R085
14242;745;R189
14242;749;R044
14242;751;R189
14242;770;R085
14242;773;R085
14242;786;R085
14242;788;R044
14242;788;R085
14242;788;R189
14242;789;R044
14242;789;R085
14242;789;R189
14352;750;R272
14352;751;R272
14352;752;R272
14352;753;R272
14352;755;R272
14352;756;R272
14352;770;R239
14352;773;R239
14352;786;R239
14352;786;R272
14352;788;R239
14352;788;R272
14352;789;R239
14352;789;R272
14352;791;R272
14352;792;R272
14355;749;R016
14355;749;R058
14355;749;R064
14355;749;R149
14355;749;R179
14355;750;R016
14355;750;R034
14355;750;R058
14355;750;R064
14355;750;R143
14355;750;R149
14355;750;R160
14355;750;R179
14355;750;R225
14355;750;R272
14355;751;R016
14355;751;R034
14355;751;R058
14355;751;R064
14355;751;R143
14355;751;R149
14355;751;R160
14355;751;R179
14355;751;R225
14355;751;R272
14355;752;R016
14355;752;R034
14355;752;R058
14355;752;R064
14355;752;R143
14355;752;R149
14355;752;R160
14355;752;R179
14355;752;R225
14355;752;R272
14355;753;R016
14355;753;R034
14355;753;R058
14355;753;R064
14355;753;R143
14355;753;R149
14355;753;R160
14355;753;R179
14355;753;R225
14355;753;R272
14355;755;R064
14355;755;R259
14355;755;R272
14355;756;R225
14355;756;R272
14355;770;R115
14355;773;R115
14355;786;R115
14355;786;R134
14355;786;R179
14355;786;R218
14355;786;R225
14355;786;R272
14355;786;R291
14355;788;R115
14355;788;R134
14355;788;R179
14355;788;R272
14355;788;R291
14355;789;R115
14355;789;R134
14355;789;R179
14355;789;R218
14355;789;R225
14355;789;R272
14355;789;R291
14355;791;R064
14355;791;R259
14355;791;R272
14355;792;R064
14355;792;R259
14355;792;R272
14355;794;R016
14355;794;R058
14367;750;R272
14367;751;R272
14367;752;R272
14367;753;R272
14367;755;R272
14367;756;R272
14367;786;R272
14367;788;R272
14367;789;R272
14367;791;R272
14367;792;R272
14653;749;R058
14653;749;R149
14653;749;R165
14653;749;R179
14653;749;R200
14653;749;R227
14653;750;R034
14653;750;R058
14653;750;R143
14653;750;R149
14653;750;R160
14653;750;R165
14653;750;R179
14653;750;R215
14653;750;R227
14653;750;R235
14653;750;R249
14653;750;R272
14653;751;R034
14653;751;R058
14653;751;R143
14653;751;R149
14653;751;R160
14653;751;R165
14653;751;R179
14653;751;R215
14653;751;R227
14653;751;R249
14653;751;R272
14653;752;R034
14653;752;R058
14653;752;R143
14653;752;R149
14653;752;R160
14653;752;R165
14653;752;R179
14653;752;R215
14653;752;R227
14653;752;R235
14653;752;R249
14653;752;R272
14653;753;R034
14653;753;R058
14653;753;R143
14653;753;R149
14653;753;R160
14653;753;R165
14653;753;R179
14653;753;R215
14653;753;R227
14653;753;R235
14653;753;R249
14653;753;R272
14653;755;R272
14653;756;R272
14653;770;R115
14653;770;R266
14653;773;R012
14653;773;R115
14653;773;R266
14653;786;R012
14653;786;R115
14653;786;R179
14653;786;R200
14653;786;R266
14653;786;R272
14653;788;R012
14653;788;R115
14653;788;R179
14653;788;R200
14653;788;R266
14653;788;R272
14653;789;R012
14653;789;R115
14653;789;R179
14653;789;R200
14653;789;R266
14653;789;R272
14653;791;R272
14653;792;R272
14653;794;R058
16014;740;R294
16014;741;R294
16014;742;R294
16029;749;R015
16029;750;R015
16029;751;R015
16029;752;R015
16029;753;R015
16029;794;R015
16032;731;R294
16032;743;R294
16033;786;R152
16033;788;R152
16033;789;R152
16042;749;R058
16042;750;R058
16042;751;R058
16042;752;R058
16042;753;R058
16042;786;R075
16042;789;R075
16042;794;R058
16049;749;R058
16049;750;R058
16049;751;R058
16049;752;R058
16049;753;R058
16049;786;R238
16049;794;R058
16054;749;R015
16054;750;R015
16054;751;R015
16054;752;R015
16054;753;R015
16054;770;R116
16054;773;R116
16054;786;R116
16054;788;R116
16054;789;R116
16054;794;R015
16055;749;R238
16055;752;R238
16055;753;R238
16055;786;R204
16055;788;R204
16055;789;R204
16055;789;R238
16056;749;R058
16056;750;R058
16056;751;R058
16056;752;R058
16056;753;R058
16056;794;R058
16062;785;R123
16062;786;R123
16062;789;R123
16069;749;R058
16069;750;R058
16069;751;R058
16069;752;R058
16069;753;R058
16069;794;R058
16089;731;R110
16089;740;R110
16089;741;R110
16089;742;R110
16089;743;R110
16089;745;R110
16089;749;R110
16089;750;R110
16089;751;R110
16089;752;R110
16089;753;R110
16089;759;R110
16089;762;R110
16089;770;R110
16089;788;R110
16089;789;R110
16089;794;R110
16126;773;R012
16126;786;R012
16126;788;R012
16126;789;R012
18075;749;R015
18075;750;R015
18075;751;R015
18075;752;R015
18075;753;R015
18075;794;R015
19078;749;R105
19078;751;R105
19120;749;R015
19120;749;R058
19120;749;R105
19120;750;R015
19120;750;R058
19120;751;R015
19120;751;R058
19120;751;R105
19120;752;R015
19120;752;R058
19120;753;R015
19120;753;R058
19120;794;R015
19120;794;R058
19165;749;R008
19165;749;R105
19165;751;R008
19165;751;R105
19165;789;R008
19165;789;R153
19166;749;R008
19166;749;R105
19166;751;R008
19166;751;R105
19166;789;R008
19719;749;R015
19719;749;R067
19719;750;R015
19719;751;R015
19719;751;R067
19719;752;R015
19719;753;R015
19719;786;R067
19719;786;R265
19719;789;R067
19719;789;R265
19719;794;R015
20004;749;R118
20008;789;R147
20008;789;R199
20009;770;R062
20009;789;R062
20009;789;R147
20009;789;R258
20011;751;R223
20011;752;R223
20011;789;R147
20011;789;R148
20011;789;R223
20011;789;R258
20045;749;R015
20045;750;R015
20045;751;R015
20045;752;R015
20045;753;R015
20045;794;R015
20100;749;R015
20100;750;R015
20100;751;R015
20100;752;R015
20100;753;R015
20100;794;R015
43201;749;R058
43201;750;R058
43201;751;R058
43201;752;R058
43201;753;R058
43201;785;R032
43201;786;R032
43201;788;R032
43201;789;R032
43201;794;R058
97003;749;R088
97003;749;R300
97003;751;R088
97003;751;R300
97005;749;R058
97005;750;R058
97005;751;R058
97005;752;R058
97005;753;R058
97005;794;R058
97007;731;R203
97007;741;R203
97007;749;R058
97007;749;R203
97007;750;R058
97007;751;R058
97007;751;R203
97007;752;R058
97007;753;R058
97007;788;R203
97007;789;R203
97007;794;R058
97034;749;R238
97034;750;R238
97034;751;R238
97034;794;R238
97041;749;R058
97041;750;R058
97041;751;R058
97041;752;R058
97041;753;R058
97041;794;R058
97043;731;R048
97043;731;R085
97043;731;R264
97043;741;R085
97043;743;R085
97043;745;R048
97043;770;R085
97043;770;R169
97043;773;R085
97043;773;R169
97043;786;R085
97043;786;R141
97043;786;R169
97043;788;R085
97043;788;R141
97043;788;R169
97043;789;R048
97043;789;R085
97043;789;R141
97043;789;R169
97043;789;R264
97046;731;R048
97046;731;R254
97046;731;R264
97046;745;R048
97046;745;R254
97046;786;R167
97046;788;R167
97046;789;R048
97046;789;R167
97046;789;R254
97046;789;R264
97049;731;R264
97049;749;R264
97049;751;R264
97049;789;R264
97054;731;R264
97054;749;R264
97054;751;R264
97054;789;R264
97068;740;R110
97068;741;R110
97068;742;R110
97068;743;R110
97068;745;R110
97068;749;R110
97068;749;R270
97068;750;R110
97068;751;R110
97068;751;R270
97068;752;R110
97068;753;R110
97068;759;R110
97068;762;R110
97068;770;R110
97068;773;R110
97068;788;R110
97068;789;R110
97068;789;R270
97068;794;R110
97071;731;R085
97071;731;R110
97071;740;R110
97071;741;R085
97071;741;R110
97071;742;R110
97071;743;R085
97071;743;R110
97071;745;R110
97071;749;R110
97071;750;R110
97071;751;R110
97071;752;R110
97071;753;R110
97071;759;R110
97071;762;R110
97071;770;R085
97071;770;R110
97071;773;R085
97071;773;R110
97071;788;R085
97071;788;R110
97071;789;R085
97071;789;R110
97071;794;R110
97074;731;R085
97074;731;R228
97074;731;R294
97074;740;R228
97074;740;R294
97074;741;R085
97074;741;R228
97074;741;R294
97074;742;R228
97074;742;R294
97074;743;R085
97074;745;R228
97074;745;R294
97074;749;R058
97074;750;R058
97074;751;R058
97074;751;R200
97074;752;R058
97074;753;R058
97074;770;R085
97074;770;R169
97074;773;R085
97074;773;R169
97074;786;R085
97074;786;R169
97074;788;R085
97074;788;R169
97074;789;R085
97074;789;R169
97074;789;R200
97074;794;R058
97077;731;R085
97077;731;R110
97077;731;R294
97077;740;R110
97077;741;R085
97077;741;R110
97077;742;R110
97077;743;R085
97077;743;R110
97077;745;R110
97077;749;R110
97077;750;R110
97077;751;R110
97077;752;R110
97077;753;R110
97077;759;R110
97077;762;R110
97077;770;R085
97077;770;R110
97077;773;R085
97077;773;R110
97077;786;R085
97077;788;R085
97077;788;R110
97077;789;R085
97077;789;R110
97077;794;R110
97085;731;R092
97085;731;R120
97085;731;R294
97085;740;R092
97085;740;R120
97085;740;R294
97085;741;R092
97085;741;R120
97085;741;R294
97085;742;R092
97085;742;R120
97085;742;R294
97085;743;R120
97085;745;R092
97085;745;R120
97085;745;R294
97088;749;R058
97088;750;R058
97088;751;R058
97088;752;R058
97088;753;R058
97088;773;R012
97088;786;R012
97088;788;R012
97088;789;R012
97088;794;R058
99001;770;R267
99001;773;R267
99001;785;R267
99001;786;R267
99001;788;R267
99001;789;R267
99002;731;R270
99002;749;R270
99002;751;R270
99002;789;R270
99007;731;R129
99007;731;R130
99007;741;R129
99007;741;R130
99007;788;R107
99007;789;R107
99009;770;R051
99009;773;R051
99011;762;R224
99011;773;R011
99011;786;R011
99011;786;R260
99011;789;R011
99011;789;R051
99011;789;R224
99011;789;R260
99012;731;R120
99012;731;R255
99012;731;R295
99012;731;R307
99012;740;R120
99012;741;R120
99012;742;R120
99012;743;R120
99012;743;R295
99012;745;R120
99012;786;R109
99012;786;R131
99012;788;R109
99012;789;R109
99012;789;R131
99012;789;R307
99014;770;R267
99014;773;R267
99014;785;R267
99014;786;R267
99014;788;R267
99014;789;R267
99016;770;R267
99016;773;R267
99016;785;R267
99016;786;R267
99016;788;R267
99016;789;R267
99019;770;R267
99019;773;R267
99019;785;R267
99019;786;R267
99019;788;R267
99019;789;R267
99021;731;R137
99021;731;R307
99021;786;R109
99021;786;R134
99021;786;R307
99021;788;R109
99021;789;R107
99021;789;R109
99021;789;R134
99021;789;R179
99021;789;R307
99022;749;R015
99022;750;R015
99022;751;R015
99022;752;R015
99022;753;R015
99022;794;R015
99027;786;R265
99027;789;R265
99029;749;R015
99029;750;R015
99029;751;R015
99029;752;R015
99029;753;R015
99029;794;R015
99031;789;R265
99032;770;R267
99032;773;R267
99032;785;R267
99032;786;R267
99032;788;R267
99032;789;R267
99035;770;R097
99035;770;R140
99035;773;R097
99035;773;R128
99035;773;R140
99035;773;R298
99035;773;R299
99035;785;R097
99035;785;R140
99035;785;R298
99035;785;R299
99035;786;R097
99035;786;R140
99035;786;R298
99035;786;R299
99035;788;R128
99035;788;R140
99035;788;R298
99035;788;R299
99035;789;R097
99035;789;R128
99035;789;R140
99035;789;R298
99035;789;R299
99037;731;R120
99037;740;R120
99037;741;R120
99037;742;R120
99037;743;R120
99037;745;R120
99037;785;R297
99037;789;R297
99038;758;R265
99038;759;R265
99038;762;R265
99041;773;R161
99041;789;R161
99042;773;R161
99042;789;R161
99043;731;R172
99043;743;R172
99043;749;R172
99043;751;R172
99043;785;R172
99043;786;R109
99043;786;R172
99043;788;R109
99043;789;R109
99043;789;R172
99044;731;R132
99044;731;R173
99044;731;R295
99044;741;R132
99044;741;R173
99044;741;R295
99044;745;R132
99044;749;R015
99044;749;R058
99044;750;R015
99044;750;R058
99044;751;R015
99044;751;R058
99044;752;R015
99044;752;R058
99044;753;R015
99044;753;R058
99044;770;R116
99044;770;R169
99044;773;R116
99044;773;R169
99044;786;R109
99044;786;R116
99044;786;R131
99044;786;R169
99044;786;R173
99044;788;R109
99044;788;R116
99044;788;R131
99044;788;R169
99044;788;R173
99044;789;R109
99044;789;R116
99044;789;R131
99044;789;R134
99044;789;R169
99044;789;R173
99044;794;R015
99044;794;R058
99045;731;R132
99045;731;R173
99045;741;R132
99045;741;R173
99045;745;R132
99045;749;R015
99045;750;R015
99045;751;R015
99045;752;R015
99045;753;R015
99045;786;R109
99045;786;R173
99045;788;R109
99045;788;R173
99045;789;R109
99045;789;R173
99045;794;R015
99047;749;R015
99047;749;R058
99047;749;R269
99047;750;R015
99047;750;R058
99047;751;R015
99047;751;R058
99047;751;R269
99047;752;R015
99047;752;R058
99047;753;R015
99047;753;R058
99047;770;R116
99047;770;R169
99047;773;R116
99047;773;R169
99047;786;R116
99047;786;R138
99047;786;R141
99047;786;R169
99047;788;R116
99047;788;R141
99047;788;R169
99047;789;R116
99047;789;R134
99047;789;R138
99047;789;R141
99047;789;R169
99047;794;R015
99047;794;R058
99048;749;R015
99048;749;R269
99048;750;R015
99048;751;R015
99048;751;R269
99048;752;R015
99048;753;R015
99048;770;R116
99048;773;R116
99048;786;R116
99048;786;R141
99048;788;R116
99048;788;R141
99048;789;R116
99048;789;R134
99048;789;R141
99048;789;R202
99048;794;R015
99049;749;R016
99049;750;R016
99049;751;R016
99049;752;R016
99049;753;R016
99049;794;R016
99050;749;R016
99050;749;R257
99050;750;R016
99050;751;R016
99050;751;R257
99050;752;R016
99050;753;R016
99050;789;R189
99050;789;R257
99050;794;R016
99051;786;R260
99051;789;R260
99052;749;R015
99052;750;R015
99052;751;R015
99052;752;R015
99052;753;R015
99052;794;R015
99053;786;R026
99053;789;R026
99054;770;R116
99054;773;R116
99054;786;R116
99054;788;R116
99054;789;R116
99055;731;R011
99055;731;R084
99055;731;R085
99055;731;R095
99055;731;R207
99055;731;R294
99055;741;R085
99055;741;R095
99055;743;R085
99055;745;R294
99055;770;R011
99055;770;R018
99055;770;R085
99055;770;R124
99055;770;R170
99055;773;R011
99055;773;R018
99055;773;R085
99055;773;R170
99055;785;R084
99055;785;R177
99055;785;R207
99055;785;R271
99055;786;R011
99055;786;R018
99055;786;R027
99055;786;R085
99055;786;R124
99055;786;R170
99055;788;R018
99055;788;R085
99055;788;R170
99055;789;R011
99055;789;R018
99055;789;R051
99055;789;R084
99055;789;R085
99055;789;R095
99055;789;R124
99055;789;R134
99055;789;R166
99055;789;R170
99055;789;R177
99055;789;R179
99055;789;R206
99055;789;R207
99055;789;R216
99055;789;R217
99055;789;R271
99055;789;R296
99056;731;R011
99056;770;R011
99056;770;R124
99056;770;R239
99056;773;R011
99056;773;R239
99056;785;R177
99056;785;R207
99056;785;R271
99056;786;R011
99056;786;R124
99056;786;R239
99056;788;R239
99056;789;R011
99056;789;R050
99056;789;R051
99056;789;R124
99056;789;R177
99056;789;R206
99056;789;R207
99056;789;R216
99056;789;R239
99056;789;R271
99058;770;R267
99058;773;R267
99058;785;R267
99058;786;R267
99058;788;R267
99058;789;R267
99064;743;R209
99064;749;R015
99064;750;R015
99064;751;R015
99064;752;R015
99064;753;R015
99064;786;R107
99064;786;R209
99064;786;R265
99064;789;R107
99064;789;R209
99064;789;R265
99064;794;R015
99065;789;R107
99066;788;R107
99066;789;R107
99067;789;R107
99068;750;R272
99068;751;R272
99068;752;R272
99068;753;R272
99068;755;R272
99068;756;R272
99068;786;R272
99068;788;R272
99068;789;R272
99068;791;R272
99068;792;R272
99069;750;R272
99069;751;R272
99069;752;R272
99069;753;R272
99069;755;R272
99069;756;R272
99069;786;R272
99069;788;R272
99069;789;R272
99069;791;R272
99069;792;R272
99071;749;R149
99071;749;R165
99071;750;R143
99071;750;R149
99071;750;R160
99071;750;R165
99071;751;R143
99071;751;R149
99071;751;R160
99071;751;R165
99071;752;R143
99071;752;R149
99071;752;R160
99071;752;R165
99071;753;R143
99071;753;R149
99071;753;R160
99071;753;R165
99071;770;R115
99071;773;R115
99071;786;R115
99071;788;R115
99071;789;R115
99073;749;R015
99073;750;R015
99073;751;R015
99073;752;R015
99073;753;R015
99073;794;R015
99074;786;R284
99074;788;R284
99074;789;R284
99075;749;R019
99075;749;R106
99075;751;R019
99075;785;R229
99075;786;R229
99075;788;R229
99075;789;R229
99079;770;R170
99079;773;R170
99079;786;R026
99079;786;R170
99079;788;R170
99079;789;R026
99079;789;R170
99080;749;R015
99080;750;R015
99080;751;R015
99080;752;R015
99080;753;R015
99080;794;R015
99081;789;R051
99082;789;R051
99083;749;R006
99083;749;R058
99083;750;R058
99083;751;R006
99083;751;R058
99083;751;R261
99083;752;R058
99083;753;R058
99083;789;R006
99083;794;R058
99086;789;R148
99088;770;R170
99088;773;R170
99088;786;R170
99088;788;R170
99088;789;R170
99098;770;R046
99098;773;R046
99098;786;R046
99098;788;R046
99098;789;R046
99102;770;R046
99102;773;R046
99102;786;R046
99102;788;R046
99102;789;R046
99104;789;R112
99105;770;R046
99105;773;R046
99105;786;R046
99105;788;R046
99105;789;R046
99107;770;R046
99107;773;R046
99107;785;R152
99107;786;R046
99107;786;R152
99107;788;R046
99107;788;R152
99107;789;R046
99107;789;R152
99108;749;R006
99108;751;R006
99109;731;R006
99109;740;R006
99109;741;R006
99109;742;R006
99109;745;R006
99109;751;R006
99110;749;R044
99110;788;R044
99110;789;R044
99111;759;R133
99111;770;R133
99111;773;R133
99111;785;R133
99111;786;R133
99111;789;R133
99112;759;R133
99112;770;R133
99112;773;R133
99112;785;R133
99112;786;R133
99112;789;R133
99113;749;R015
99113;750;R015
99113;751;R015
99113;752;R015
99113;753;R015
99113;794;R015
99114;749;R015
99114;750;R015
99114;751;R015
99114;752;R015
99114;753;R015
99114;794;R015
99115;759;R133
99115;770;R133
99115;770;R253
99115;773;R133
99115;773;R253
99115;785;R133
99115;786;R133
99115;786;R253
99115;788;R253
99115;789;R133
99115;789;R253
99116;759;R133
99116;762;R308
99116;770;R133
99116;770;R308
99116;773;R133
99116;773;R308
99116;785;R133
99116;786;R133
99116;786;R308
99116;789;R133
99116;789;R308
99117;759;R133
99117;770;R133
99117;773;R133
99117;785;R133
99117;786;R133
99117;789;R133
99118;770;R051
99118;773;R051
99304;758;R022
99304;758;R188
99304;759;R022
99304;759;R188
99304;762;R022
99304;762;R188
99304;770;R022
99304;789;R022
99305;758;R022
99305;759;R022
99305;762;R022
99305;770;R022
99305;789;R022
99306;758;R022
99306;759;R022
99306;759;R198
99306;762;R022
99306;762;R198
99306;770;R022
99306;789;R022
99311;758;R022
99311;758;R193
99311;759;R022
99311;759;R193
99311;762;R022
99311;762;R193
99311;762;R304
99311;770;R022
99311;770;R193
99311;773;R193
99311;786;R193
99311;789;R022
99311;789;R193
99313;731;R139
99313;731;R219
99313;741;R139
99313;745;R139
99313;758;R022
99313;758;R187
99313;759;R022
99313;759;R139
99313;759;R186
99313;759;R187
99313;759;R219
99313;762;R022
99313;762;R139
99313;762;R186
99313;762;R187
99313;762;R219
99313;770;R022
99313;789;R022
99316;759;R198
99316;762;R198
99321;749;R015
99321;750;R015
99321;751;R015
99321;752;R015
99321;753;R015
99321;794;R015
99323;786;R196
99323;786;R284
99323;788;R196
99323;788;R284
99323;789;R196
99323;789;R284
99324;749;R016
99324;750;R016
99324;751;R016
99324;752;R016
99324;753;R016
99324;794;R016
99326;786;R109
99326;788;R108
99326;788;R109
99326;789;R108
99326;789;R109
99327;731;R085
99327;741;R085
99327;743;R085
99327;770;R085
99327;773;R085
99327;786;R085
99327;788;R085
99327;789;R085
99335;786;R109
99335;788;R109
99335;789;R109
99337;731;R172
99337;743;R172
99337;749;R172
99337;751;R172
99337;785;R172
99337;786;R109
99337;786;R172
99337;788;R109
99337;789;R109
99337;789;R172
99339;786;R109
99339;788;R109
99339;789;R109
99341;750;R272
99341;751;R272
99341;752;R272
99341;753;R272
99341;755;R272
99341;756;R272
99341;786;R272
99341;788;R272
99341;789;R272
99341;791;R272
99341;792;R272
99342;750;R272
99342;751;R272
99342;752;R272
99342;753;R272
99342;755;R272
99342;756;R272
99342;786;R272
99342;788;R272
99342;789;R272
99342;791;R272
99342;792;R272
99343;750;R272
99343;751;R272
99343;752;R272
99343;753;R272
99343;755;R272
99343;756;R272
99343;786;R272
99343;788;R272
99343;789;R272
99343;791;R272
99343;792;R272
99344;750;R272
99344;751;R272
99344;752;R272
99344;753;R272
99344;755;R272
99344;756;R272
99344;786;R272
99344;788;R272
99344;789;R272
99344;791;R272
99344;792;R272
99347;759;R134
99347;762;R134
99347;786;R134
99347;789;R134
99349;750;R272
99349;751;R272
99349;752;R272
99349;753;R272
99349;755;R272
99349;756;R272
99349;786;R272
99349;788;R272
99349;789;R272
99349;791;R272
99349;792;R272
99350;750;R272
99350;751;R272
99350;752;R272
99350;753;R272
99350;755;R272
99350;756;R272
99350;786;R272
99350;788;R272
99350;789;R272
99350;791;R272
99350;792;R272
99351;749;R006
99351;751;R006
99351;789;R006
99354;749;R249
99354;750;R249
99354;751;R249
99354;752;R249
99354;753;R249
99356;773;R238
99357;731;R137
99357;731;R155
99357;731;R195
99357;740;R137
99357;740;R155
99357;740;R195
99357;741;R137
99357;741;R155
99357;741;R195
99357;742;R137
99357;742;R155
99357;742;R195
99357;745;R137
99357;745;R155
99357;745;R195
99357;786;R109
99357;788;R107
99357;788;R108
99357;788;R109
99357;789;R107
99357;789;R108
99357;789;R109
99359;731;R078
99359;731;R130
99360;786;R098
99360;789;R098
99361;759;R301
99361;762;R301
99362;731;R110
99362;740;R110
99362;741;R110
99362;742;R110
99362;743;R110
99362;745;R110
99362;749;R110
99362;750;R110
99362;751;R110
99362;752;R110
99362;753;R110
99362;759;R110
99362;762;R110
99362;770;R110
99362;773;R110
99362;788;R110
99362;789;R110
99362;794;R110
99363;731;R110
99363;740;R110
99363;741;R110
99363;742;R110
99363;743;R110
99363;745;R110
99363;770;R110
99363;773;R110
99363;788;R110
99363;789;R110
99364;786;R151
99364;789;R151
99365;749;R142
99365;750;R142
99365;751;R142
99365;752;R142
99365;753;R142
99367;731;R048
99367;745;R048
99367;789;R048
99368;770;R085
99368;773;R085
99368;786;R085
99368;788;R085
99368;789;R085
99369;773;R122
99369;789;R122
99370;773;R122
99370;789;R122
99371;773;R122
99371;789;R122
99372;773;R122
99372;789;R122
99373;773;R012
99373;786;R012
99373;786;R238
99373;788;R012
99373;789;R012
99373;789;R238
99374;785;R178
99374;785;R238
99374;786;R178
99374;786;R238
99374;789;R178
99374;789;R238
99376;770;R253
99376;773;R253
99376;786;R253
99376;788;R253
99376;789;R253
99377;770;R085
99377;773;R085
99377;786;R085
99377;788;R085
99377;789;R085
99378;786;R238
99379;786;R238
99380;762;R308
99380;770;R308
99380;773;R308
99380;786;R308
99380;789;R308
99382;749;R171
99382;750;R171
99382;751;R171
99382;788;R171
99382;789;R171
99382;794;R171
99383;786;R194
99383;789;R194
99384;773;R122
99384;789;R122
99385;731;R085
99385;741;R085
99385;743;R085
99386;786;R238
99386;789;R238
99387;731;R085
99387;741;R085
99387;743;R085
99387;770;R085
99387;773;R085
99387;786;R085
99387;788;R085
99387;789;R085
99394;731;R121
99394;740;R121
99394;741;R121
99394;742;R121
99394;743;R121
99394;745;R121
99395;770;R169
99395;773;R169
99395;786;R169
99395;788;R169
99395;789;R169
99396;740;R234
99396;741;R234
99396;742;R234
99396;786;R063
99396;786;R234
99396;789;R234
99397;731;R024
99397;741;R024
99397;788;R024
99397;789;R024
99398;731;R024
99398;731;R130
99398;789;R024
99399;786;R204
99399;788;R204
99399;789;R204
99400;786;R204
99400;788;R204
99400;789;R204
99402;731;R024
99402;731;R130
99402;789;R024
99403;786;R306
99403;789;R306
99404;786;R204
99404;788;R204
99404;789;R204
99406;731;R085
99406;741;R085
99406;743;R085
99409;770;R169
99409;773;R169
99409;786;R169
99409;789;R169
99411;731;R294
99411;743;R294
99411;745;R294
99412;749;R105
99412;751;R105
99428;770;R230
99428;773;R230
99428;786;R230
99428;788;R230
99428;789;R230
99429;770;R230
99429;773;R230
99429;786;R230
99429;788;R230
99429;789;R230
99436;731;R189
99436;740;R189
99436;741;R189
99436;742;R189
99436;745;R189
99436;751;R189
99436;788;R189
99436;789;R189
99437;731;R130
99437;743;R130
99439;749;R058
99439;750;R058
99439;751;R058
99439;752;R058
99439;753;R058
99439;794;R058
99460;758;R073
99460;762;R073
99460;770;R073
99460;773;R073
99461;758;R073
99461;762;R073
99461;770;R073
99461;773;R073
99577;731;R244
99577;745;R244
99582;750;R235
99582;752;R235
99582;753;R235
99594;731;R162
99595;731;R162
99596;731;R162
99597;785;R152
99597;786;R152
99597;788;R152
99597;789;R152
99598;788;R081
99598;789;R081
99599;786;R047
99599;789;R047
99600;731;R055
99600;770;R230
99600;773;R230
99600;786;R230
99600;788;R055
99600;788;R230
99600;789;R055
99600;789;R230
99601;731;R191
99602;786;R017
99602;789;R017
99603;731;R145
99603;743;R145
99603;745;R145
99603;785;R145
99603;786;R145
99603;789;R145
99604;731;R145
99604;743;R145
99604;745;R145
99604;785;R145
99604;786;R145
99604;789;R145
99605;731;R145
99605;743;R145
99605;745;R145
99605;785;R145
99605;786;R145
99605;789;R145
99606;731;R145
99606;743;R145
99606;745;R145
99606;785;R145
99606;786;R145
99606;789;R145
99607;740;R054
99607;741;R054
99607;745;R054
99608;731;R184
99609;731;R047
99609;788;R047
99609;789;R047
99610;731;R130
99610;731;R293
99610;745;R293
99610;749;R293
99610;751;R293
99610;789;R293
99611;749;R040
99611;751;R040
99611;789;R040
99612;785;R152
99612;786;R152
99612;788;R152
99612;789;R152
99613;731;R054
99613;740;R054
99613;741;R054
99613;742;R054
99613;745;R054
99614;770;R126
99614;773;R126
99614;789;R126
99615;770;R126
99615;773;R126
99615;789;R126
99616;731;R002
99616;731;R120
99616;731;R201
99616;740;R120
99616;741;R120
99616;742;R120
99616;743;R120
99616;745;R120
99616;789;R201
99617;786;R152
99617;788;R152
99617;789;R152
99618;786;R156
99618;788;R156
99618;789;R156
99619;785;R152
99619;786;R152
99619;788;R152
99619;789;R152
99621;731;R191
99621;740;R191
99621;741;R191
99621;745;R191
99622;785;R152
99622;786;R152
99622;788;R152
99622;789;R152
99623;786;R152
99623;788;R152
99623;789;R152
99624;785;R152
99624;786;R152
99624;788;R152
99624;789;R152
99625;731;R132
99625;741;R132
99625;745;R132
99626;731;R130
99626;743;R130
99627;785;R152
99627;786;R152
99627;788;R152
99627;789;R152
99628;785;R152
99628;786;R152
99628;788;R152
99628;789;R152
99629;731;R191
99630;785;R152
99630;786;R152
99630;788;R152
99630;789;R152
99631;731;R282
99631;749;R282
99631;751;R282
99631;789;R282
99632;731;R191
99632;741;R191
99633;731;R189
99633;758;R189
99633;759;R189
99633;762;R189
99633;789;R189
99634;785;R178
99634;786;R178
99634;789;R178
99635;770;R230
99635;773;R230
99635;786;R230
99635;788;R230
99635;789;R230
99636;731;R074
99636;741;R074
99637;785;R152
99637;786;R152
99637;788;R152
99637;789;R152
99638;785;R152
99638;786;R152
99638;788;R152
99638;789;R152
99639;731;R191
99639;743;R191
99640;786;R152
99640;788;R152
99640;789;R152
99641;731;R191
99641;743;R191
99642;786;R152
99642;788;R152
99642;789;R152
99643;785;R123
99643;786;R123
99643;789;R123
99644;785;R152
99644;786;R152
99644;788;R152
99644;789;R152
99645;786;R194
99645;789;R194
99646;758;R164
99646;762;R164
99646;770;R164
99646;773;R164
99646;789;R164
99647;785;R152
99647;786;R152
99647;788;R152
99647;789;R152
99649;770;R163
99649;773;R163
99650;731;R294
99650;740;R294
99650;741;R294
99650;742;R294
99650;745;R294
99650;751;R200
99650;789;R200
99651;786;R141
99651;788;R141
99651;789;R141
99653;731;R285
99653;731;R302
99653;740;R285
99653;740;R302
99653;741;R285
99653;741;R302
99653;742;R285
99653;742;R302
99653;745;R302
99653;749;R247
99653;751;R247
99653;786;R247
99653;788;R247
99653;788;R285
99653;789;R247
99653;789;R285
99653;789;R302
99654;731;R132
99654;741;R132
99654;745;R132
99655;770;R253
99655;773;R253
99655;786;R253
99655;788;R253
99655;789;R253
99656;786;R151
99656;789;R151
99657;731;R041
99657;740;R041
99657;741;R041
99657;742;R041
99657;745;R041
99657;786;R041
99657;788;R041
99657;789;R041
99658;749;R222
99658;786;R222
99658;788;R222
99658;789;R222
99659;749;R222
99659;786;R222
99659;788;R222
99659;789;R222
99660;773;R028
99661;731;R085
99661;741;R085
99661;743;R085
99661;770;R085
99661;773;R085
99661;786;R085
99661;786;R152
99661;788;R085
99661;788;R152
99661;789;R085
99661;789;R152
99662;785;R152
99662;786;R152
99662;788;R152
99662;789;R152
99686;751;R238
